timestamp,metric,value,destination_workload
2026-05-02 20:54:22,latency_avg_ms,,adservice
2026-05-02 20:54:27,latency_avg_ms,,adservice
2026-05-02 20:54:32,latency_avg_ms,,adservice
2026-05-02 20:54:37,latency_avg_ms,,adservice
2026-05-02 20:54:42,latency_avg_ms,,adservice
2026-05-02 20:54:47,latency_avg_ms,,adservice
2026-05-02 20:54:52,latency_avg_ms,2.085975609756133,adservice
2026-05-02 20:54:57,latency_avg_ms,2.085975609756133,adservice
2026-05-02 20:55:02,latency_avg_ms,2.085975609756133,adservice
2026-05-02 20:55:07,latency_avg_ms,11.136858006042349,adservice
2026-05-02 20:55:12,latency_avg_ms,11.136858006042349,adservice
2026-05-02 20:55:17,latency_avg_ms,11.136858006042347,adservice
2026-05-02 20:55:22,latency_avg_ms,10.589423076923085,adservice
2026-05-02 20:55:27,latency_avg_ms,10.589423076923085,adservice
2026-05-02 20:55:32,latency_avg_ms,11.763299663299666,adservice
2026-05-02 20:55:37,latency_avg_ms,9.68837405223252,adservice
2026-05-02 20:55:42,latency_avg_ms,9.68837405223252,adservice
2026-05-02 20:55:47,latency_avg_ms,9.68837405223252,adservice
2026-05-02 20:55:52,latency_avg_ms,7.677075812274364,adservice
2026-05-02 20:55:57,latency_avg_ms,7.677075812274364,adservice
2026-05-02 20:56:02,latency_avg_ms,7.677075812274364,adservice
2026-05-02 20:56:07,latency_avg_ms,6.547639068564032,adservice
2026-05-02 20:56:12,latency_avg_ms,6.547639068564032,adservice
2026-05-02 20:56:17,latency_avg_ms,6.547639068564032,adservice
2026-05-02 20:56:22,latency_avg_ms,5.886621196222449,adservice
2026-05-02 20:56:27,latency_avg_ms,6.3143235294117614,adservice
2026-05-02 20:56:32,latency_avg_ms,6.3143235294117614,adservice
2026-05-02 20:56:37,latency_avg_ms,6.453671189146042,adservice
2026-05-02 20:56:42,latency_avg_ms,7.5621393034825815,adservice
2026-05-02 20:56:47,latency_avg_ms,7.5621393034825815,adservice
2026-05-02 20:56:52,latency_avg_ms,8.136868351063832,adservice
2026-05-02 20:56:57,latency_avg_ms,7.436547271970009,adservice
2026-05-02 20:57:02,latency_avg_ms,7.436547271970009,adservice
2026-05-02 20:57:07,latency_avg_ms,7.696946795646912,adservice
2026-05-02 20:57:12,latency_avg_ms,6.889613626921483,adservice
2026-05-02 20:57:17,latency_avg_ms,6.889613626921483,adservice
2026-05-02 20:57:22,latency_avg_ms,6.889613626921483,adservice
2026-05-02 20:57:27,latency_avg_ms,5.5765047737650475,adservice
2026-05-02 20:57:32,latency_avg_ms,5.5765047737650475,adservice
2026-05-02 20:57:37,latency_avg_ms,5.5765047737650475,adservice
2026-05-02 20:57:42,latency_avg_ms,5.5169995657837765,adservice
2026-05-02 20:57:47,latency_avg_ms,5.5169995657837765,adservice
2026-05-02 20:57:52,latency_avg_ms,5.5169995657837765,adservice
2026-05-02 20:57:57,latency_avg_ms,5.922528216704286,adservice
2026-05-02 20:58:02,latency_avg_ms,5.922528216704286,adservice
2026-05-02 20:58:07,latency_avg_ms,5.922528216704286,adservice
2026-05-02 20:58:12,latency_avg_ms,5.7003796337650785,adservice
2026-05-02 20:58:17,latency_avg_ms,5.7003796337650785,adservice
2026-05-02 20:58:22,latency_avg_ms,5.7003796337650785,adservice
2026-05-02 20:58:27,latency_avg_ms,5.43784530386739,adservice
2026-05-02 20:58:32,latency_avg_ms,6.081307998232415,adservice
2026-05-02 20:58:37,latency_avg_ms,6.081307998232415,adservice
2026-05-02 20:58:42,latency_avg_ms,5.94286608260324,adservice
2026-05-02 20:58:47,latency_avg_ms,6.363941535496305,adservice
2026-05-02 20:58:52,latency_avg_ms,6.363941535496305,adservice
2026-05-02 20:58:57,latency_avg_ms,6.953755364806862,adservice
2026-05-02 20:59:02,latency_avg_ms,6.924653797733942,adservice
2026-05-02 20:59:07,latency_avg_ms,6.924653797733942,adservice
2026-05-02 20:59:12,latency_avg_ms,6.768781887755112,adservice
2026-05-02 20:59:17,latency_avg_ms,6.768781887755112,adservice
2026-05-02 20:59:22,latency_avg_ms,6.768781887755112,adservice
2026-05-02 20:59:27,latency_avg_ms,6.768781887755112,adservice
2026-05-02 20:59:32,latency_avg_ms,5.909749144811844,adservice
2026-05-02 20:59:37,latency_avg_ms,5.909749144811844,adservice
2026-05-02 20:59:42,latency_avg_ms,5.909749144811844,adservice
2026-05-02 20:59:47,latency_avg_ms,,adservice
2026-05-02 20:59:52,latency_avg_ms,,adservice
2026-05-02 20:59:57,latency_avg_ms,,adservice
2026-05-02 21:00:02,latency_avg_ms,,adservice
2026-05-02 21:00:07,latency_avg_ms,,adservice
2026-05-02 21:00:12,latency_avg_ms,,adservice
2026-05-02 21:00:17,latency_avg_ms,,adservice
2026-05-02 21:00:22,latency_avg_ms,,adservice
2026-05-02 21:00:27,latency_avg_ms,,adservice
2026-05-02 21:00:32,latency_avg_ms,,adservice
2026-05-02 21:00:37,latency_avg_ms,,adservice
2026-05-02 21:00:42,latency_avg_ms,,adservice
2026-05-02 21:00:47,latency_avg_ms,,adservice
2026-05-02 21:00:52,latency_avg_ms,,adservice
2026-05-02 21:00:57,latency_avg_ms,,adservice
2026-05-02 21:01:02,latency_avg_ms,,adservice
2026-05-02 21:01:07,latency_avg_ms,,adservice
2026-05-02 21:01:12,latency_avg_ms,,adservice
2026-05-02 21:01:17,latency_avg_ms,,adservice
2026-05-02 21:01:22,latency_avg_ms,,adservice
2026-05-02 20:54:22,latency_avg_ms,,cartservice
2026-05-02 20:54:27,latency_avg_ms,,cartservice
2026-05-02 20:54:32,latency_avg_ms,,cartservice
2026-05-02 20:54:37,latency_avg_ms,,cartservice
2026-05-02 20:54:42,latency_avg_ms,,cartservice
2026-05-02 20:54:47,latency_avg_ms,2.3657894736878866,cartservice
2026-05-02 20:54:52,latency_avg_ms,2.3657894736878866,cartservice
2026-05-02 20:54:57,latency_avg_ms,2.3657894736878866,cartservice
2026-05-02 20:55:02,latency_avg_ms,19.01846473029035,cartservice
2026-05-02 20:55:07,latency_avg_ms,19.01846473029035,cartservice
2026-05-02 20:55:12,latency_avg_ms,19.018464730290354,cartservice
2026-05-02 20:55:17,latency_avg_ms,37.891900311526456,cartservice
2026-05-02 20:55:22,latency_avg_ms,37.891900311526456,cartservice
2026-05-02 20:55:27,latency_avg_ms,37.891900311526456,cartservice
2026-05-02 20:55:32,latency_avg_ms,38.60693855932194,cartservice
2026-05-02 20:55:37,latency_avg_ms,24.250930851063796,cartservice
2026-05-02 20:55:42,latency_avg_ms,24.250930851063796,cartservice
2026-05-02 20:55:47,latency_avg_ms,25.737332392378306,cartservice
2026-05-02 20:55:52,latency_avg_ms,21.43634876110335,cartservice
2026-05-02 20:55:57,latency_avg_ms,21.43634876110335,cartservice
2026-05-02 20:56:02,latency_avg_ms,11.17572376357059,cartservice
2026-05-02 20:56:07,latency_avg_ms,9.834143268538536,cartservice
2026-05-02 20:56:12,latency_avg_ms,9.834143268538536,cartservice
2026-05-02 20:56:17,latency_avg_ms,9.865608034744856,cartservice
2026-05-02 20:56:22,latency_avg_ms,40.38051236749117,cartservice
2026-05-02 20:56:27,latency_avg_ms,40.38051236749117,cartservice
2026-05-02 20:56:32,latency_avg_ms,40.38051236749117,cartservice
2026-05-02 20:56:37,latency_avg_ms,59.47047090581883,cartservice
2026-05-02 20:56:42,latency_avg_ms,59.47047090581883,cartservice
2026-05-02 20:56:47,latency_avg_ms,59.47047090581883,cartservice
2026-05-02 20:56:52,latency_avg_ms,69.75454545454544,cartservice
2026-05-02 20:56:57,latency_avg_ms,69.75454545454544,cartservice
2026-05-02 20:57:02,latency_avg_ms,69.75454545454544,cartservice
2026-05-02 20:57:07,latency_avg_ms,59.715066469719346,cartservice
2026-05-02 20:57:12,latency_avg_ms,43.450787696924245,cartservice
2026-05-02 20:57:17,latency_avg_ms,43.450787696924245,cartservice
2026-05-02 20:57:22,latency_avg_ms,28.98645870897947,cartservice
2026-05-02 20:57:27,latency_avg_ms,22.454851485148534,cartservice
2026-05-02 20:57:32,latency_avg_ms,22.454851485148527,cartservice
2026-05-02 20:57:37,latency_avg_ms,8.752716966380012,cartservice
2026-05-02 20:57:42,latency_avg_ms,8.165426891615535,cartservice
2026-05-02 20:57:47,latency_avg_ms,8.165426891615535,cartservice
2026-05-02 20:57:52,latency_avg_ms,7.589412438000725,cartservice
2026-05-02 20:57:57,latency_avg_ms,8.740074033452148,cartservice
2026-05-02 20:58:02,latency_avg_ms,8.740074033452148,cartservice
2026-05-02 20:58:07,latency_avg_ms,8.740074033452148,cartservice
2026-05-02 20:58:12,latency_avg_ms,8.298980996970531,cartservice
2026-05-02 20:58:17,latency_avg_ms,8.298980996970531,cartservice
2026-05-02 20:58:22,latency_avg_ms,8.298980996970531,cartservice
2026-05-02 20:58:27,latency_avg_ms,8.324418938307026,cartservice
2026-05-02 20:58:32,latency_avg_ms,8.324418938307026,cartservice
2026-05-02 20:58:37,latency_avg_ms,8.324418938307026,cartservice
2026-05-02 20:58:42,latency_avg_ms,7.891197383390189,cartservice
2026-05-02 20:58:47,latency_avg_ms,7.891197383390189,cartservice
2026-05-02 20:58:52,latency_avg_ms,7.891197383390189,cartservice
2026-05-02 20:58:57,latency_avg_ms,8.243337531486132,cartservice
2026-05-02 20:59:02,latency_avg_ms,8.243337531486132,cartservice
2026-05-02 20:59:07,latency_avg_ms,8.243337531486132,cartservice
2026-05-02 20:59:12,latency_avg_ms,8.792815884476562,cartservice
2026-05-02 20:59:17,latency_avg_ms,8.792815884476562,cartservice
2026-05-02 20:59:22,latency_avg_ms,8.792815884476562,cartservice
2026-05-02 20:59:27,latency_avg_ms,7.961500291885624,cartservice
2026-05-02 20:59:32,latency_avg_ms,7.961500291885625,cartservice
2026-05-02 20:59:37,latency_avg_ms,7.961500291885625,cartservice
2026-05-02 20:59:42,latency_avg_ms,7.142976939203349,cartservice
2026-05-02 20:59:47,latency_avg_ms,7.142976939203348,cartservice
2026-05-02 20:59:52,latency_avg_ms,7.142976939203349,cartservice
2026-05-02 20:59:57,latency_avg_ms,,cartservice
2026-05-02 21:00:02,latency_avg_ms,,cartservice
2026-05-02 21:00:07,latency_avg_ms,,cartservice
2026-05-02 21:00:12,latency_avg_ms,,cartservice
2026-05-02 21:00:17,latency_avg_ms,,cartservice
2026-05-02 21:00:22,latency_avg_ms,,cartservice
2026-05-02 21:00:27,latency_avg_ms,,cartservice
2026-05-02 21:00:32,latency_avg_ms,,cartservice
2026-05-02 21:00:37,latency_avg_ms,,cartservice
2026-05-02 21:00:42,latency_avg_ms,,cartservice
2026-05-02 21:00:47,latency_avg_ms,,cartservice
2026-05-02 21:00:52,latency_avg_ms,,cartservice
2026-05-02 21:00:57,latency_avg_ms,,cartservice
2026-05-02 21:01:02,latency_avg_ms,,cartservice
2026-05-02 21:01:07,latency_avg_ms,,cartservice
2026-05-02 21:01:12,latency_avg_ms,,cartservice
2026-05-02 21:01:17,latency_avg_ms,,cartservice
2026-05-02 21:01:22,latency_avg_ms,,cartservice
2026-05-02 20:54:22,latency_avg_ms,,checkoutservice
2026-05-02 20:54:27,latency_avg_ms,,checkoutservice
2026-05-02 20:54:32,latency_avg_ms,,checkoutservice
2026-05-02 20:54:37,latency_avg_ms,,checkoutservice
2026-05-02 20:54:42,latency_avg_ms,,checkoutservice
2026-05-02 20:54:47,latency_avg_ms,,checkoutservice
2026-05-02 20:54:52,latency_avg_ms,,checkoutservice
2026-05-02 20:54:57,latency_avg_ms,295.796875,checkoutservice
2026-05-02 20:55:02,latency_avg_ms,295.796875,checkoutservice
2026-05-02 20:55:07,latency_avg_ms,295.796875,checkoutservice
2026-05-02 20:55:12,latency_avg_ms,667.6810344827587,checkoutservice
2026-05-02 20:55:17,latency_avg_ms,667.6810344827587,checkoutservice
2026-05-02 20:55:22,latency_avg_ms,667.6810344827587,checkoutservice
2026-05-02 20:55:27,latency_avg_ms,667.6810344827587,checkoutservice
2026-05-02 20:55:32,latency_avg_ms,676.4552845528456,checkoutservice
2026-05-02 20:55:37,latency_avg_ms,676.4552845528456,checkoutservice
2026-05-02 20:55:42,latency_avg_ms,810.3131868131869,checkoutservice
2026-05-02 20:55:47,latency_avg_ms,802.473880597015,checkoutservice
2026-05-02 20:55:52,latency_avg_ms,802.473880597015,checkoutservice
2026-05-02 20:55:57,latency_avg_ms,724.7361111111111,checkoutservice
2026-05-02 20:56:02,latency_avg_ms,806.4772727272727,checkoutservice
2026-05-02 20:56:07,latency_avg_ms,806.4772727272727,checkoutservice
2026-05-02 20:56:12,latency_avg_ms,878.0315315315315,checkoutservice
2026-05-02 20:56:17,latency_avg_ms,809.939226519337,checkoutservice
2026-05-02 20:56:22,latency_avg_ms,809.939226519337,checkoutservice
2026-05-02 20:56:27,latency_avg_ms,809.939226519337,checkoutservice
2026-05-02 20:56:32,latency_avg_ms,634.968487394958,checkoutservice
2026-05-02 20:56:37,latency_avg_ms,634.968487394958,checkoutservice
2026-05-02 20:56:42,latency_avg_ms,634.968487394958,checkoutservice
2026-05-02 20:56:47,latency_avg_ms,582.94,checkoutservice
2026-05-02 20:56:52,latency_avg_ms,582.9399999999999,checkoutservice
2026-05-02 20:56:57,latency_avg_ms,582.9399999999999,checkoutservice
2026-05-02 20:57:02,latency_avg_ms,546.7152173913043,checkoutservice
2026-05-02 20:57:07,latency_avg_ms,499.75328947368416,checkoutservice
2026-05-02 20:57:12,latency_avg_ms,499.75328947368416,checkoutservice
2026-05-02 20:57:17,latency_avg_ms,556.9044117647059,checkoutservice
2026-05-02 20:57:22,latency_avg_ms,497.8,checkoutservice
2026-05-02 20:57:27,latency_avg_ms,497.8,checkoutservice
2026-05-02 20:57:32,latency_avg_ms,346.37333333333333,checkoutservice
2026-05-02 20:57:37,latency_avg_ms,340.8503649635037,checkoutservice
2026-05-02 20:57:42,latency_avg_ms,340.8503649635037,checkoutservice
2026-05-02 20:57:47,latency_avg_ms,336.0625,checkoutservice
2026-05-02 20:57:52,latency_avg_ms,374.13837638376384,checkoutservice
2026-05-02 20:57:57,latency_avg_ms,374.13837638376384,checkoutservice
2026-05-02 20:58:02,latency_avg_ms,374.13837638376384,checkoutservice
2026-05-02 20:58:07,latency_avg_ms,432.3996415770609,checkoutservice
2026-05-02 20:58:12,latency_avg_ms,432.3996415770609,checkoutservice
2026-05-02 20:58:17,latency_avg_ms,432.3996415770609,checkoutservice
2026-05-02 20:58:22,latency_avg_ms,454.5785123966942,checkoutservice
2026-05-02 20:58:27,latency_avg_ms,454.57851239669424,checkoutservice
2026-05-02 20:58:32,latency_avg_ms,454.57851239669424,checkoutservice
2026-05-02 20:58:37,latency_avg_ms,551.3911290322582,checkoutservice
2026-05-02 20:58:42,latency_avg_ms,551.3911290322582,checkoutservice
2026-05-02 20:58:47,latency_avg_ms,551.3911290322582,checkoutservice
2026-05-02 20:58:52,latency_avg_ms,433.8116666666666,checkoutservice
2026-05-02 20:58:57,latency_avg_ms,433.8116666666666,checkoutservice
2026-05-02 20:59:02,latency_avg_ms,433.8116666666666,checkoutservice
2026-05-02 20:59:07,latency_avg_ms,458.1376146788991,checkoutservice
2026-05-02 20:59:12,latency_avg_ms,458.1376146788991,checkoutservice
2026-05-02 20:59:17,latency_avg_ms,458.1376146788991,checkoutservice
2026-05-02 20:59:22,latency_avg_ms,276.29787234042556,checkoutservice
2026-05-02 20:59:27,latency_avg_ms,276.29787234042556,checkoutservice
2026-05-02 20:59:32,latency_avg_ms,276.29787234042556,checkoutservice
2026-05-02 20:59:37,latency_avg_ms,307.36170212765956,checkoutservice
2026-05-02 20:59:42,latency_avg_ms,307.36170212765956,checkoutservice
2026-05-02 20:59:47,latency_avg_ms,307.36170212765956,checkoutservice
2026-05-02 20:59:52,latency_avg_ms,,checkoutservice
2026-05-02 20:59:57,latency_avg_ms,,checkoutservice
2026-05-02 21:00:02,latency_avg_ms,,checkoutservice
2026-05-02 21:00:07,latency_avg_ms,,checkoutservice
2026-05-02 21:00:12,latency_avg_ms,,checkoutservice
2026-05-02 21:00:17,latency_avg_ms,,checkoutservice
2026-05-02 21:00:22,latency_avg_ms,,checkoutservice
2026-05-02 21:00:27,latency_avg_ms,,checkoutservice
2026-05-02 21:00:32,latency_avg_ms,,checkoutservice
2026-05-02 21:00:37,latency_avg_ms,,checkoutservice
2026-05-02 21:00:42,latency_avg_ms,,checkoutservice
2026-05-02 21:00:47,latency_avg_ms,,checkoutservice
2026-05-02 21:00:52,latency_avg_ms,,checkoutservice
2026-05-02 21:00:57,latency_avg_ms,,checkoutservice
2026-05-02 21:01:02,latency_avg_ms,,checkoutservice
2026-05-02 21:01:07,latency_avg_ms,,checkoutservice
2026-05-02 21:01:12,latency_avg_ms,,checkoutservice
2026-05-02 21:01:17,latency_avg_ms,,checkoutservice
2026-05-02 21:01:22,latency_avg_ms,,checkoutservice
2026-05-02 20:54:22,latency_avg_ms,,currencyservice
2026-05-02 20:54:27,latency_avg_ms,,currencyservice
2026-05-02 20:54:32,latency_avg_ms,,currencyservice
2026-05-02 20:54:37,latency_avg_ms,,currencyservice
2026-05-02 20:54:42,latency_avg_ms,,currencyservice
2026-05-02 20:54:47,latency_avg_ms,13.862790697674404,currencyservice
2026-05-02 20:54:52,latency_avg_ms,13.862790697674404,currencyservice
2026-05-02 20:54:57,latency_avg_ms,13.862790697674404,currencyservice
2026-05-02 20:55:02,latency_avg_ms,168.31364009860283,currencyservice
2026-05-02 20:55:07,latency_avg_ms,168.31364009860283,currencyservice
2026-05-02 20:55:12,latency_avg_ms,168.31364009860283,currencyservice
2026-05-02 20:55:17,latency_avg_ms,168.31364009860283,currencyservice
2026-05-02 20:55:22,latency_avg_ms,323.3487623243128,currencyservice
2026-05-02 20:55:27,latency_avg_ms,323.3487623243128,currencyservice
2026-05-02 20:55:32,latency_avg_ms,350.69375570776236,currencyservice
2026-05-02 20:55:37,latency_avg_ms,365.5695269719212,currencyservice
2026-05-02 20:55:42,latency_avg_ms,365.5695269719212,currencyservice
2026-05-02 20:55:47,latency_avg_ms,418.2026851285191,currencyservice
2026-05-02 20:55:52,latency_avg_ms,497.0314350437257,currencyservice
2026-05-02 20:55:57,latency_avg_ms,497.0314350437257,currencyservice
2026-05-02 20:56:02,latency_avg_ms,500.9216540933223,currencyservice
2026-05-02 20:56:07,latency_avg_ms,464.87584629053754,currencyservice
2026-05-02 20:56:12,latency_avg_ms,464.87584629053754,currencyservice
2026-05-02 20:56:17,latency_avg_ms,464.87584629053754,currencyservice
2026-05-02 20:56:22,latency_avg_ms,514.8231778218944,currencyservice
2026-05-02 20:56:27,latency_avg_ms,394.1503385631709,currencyservice
2026-05-02 20:56:32,latency_avg_ms,394.1503385631709,currencyservice
2026-05-02 20:56:37,latency_avg_ms,304.6649918077552,currencyservice
2026-05-02 20:56:42,latency_avg_ms,242.5911082169075,currencyservice
2026-05-02 20:56:47,latency_avg_ms,242.5911082169075,currencyservice
2026-05-02 20:56:52,latency_avg_ms,204.23850041132926,currencyservice
2026-05-02 20:56:57,latency_avg_ms,204.23850041132923,currencyservice
2026-05-02 20:57:02,latency_avg_ms,204.23850041132923,currencyservice
2026-05-02 20:57:07,latency_avg_ms,195.07552257525094,currencyservice
2026-05-02 20:57:12,latency_avg_ms,196.63239216799082,currencyservice
2026-05-02 20:57:17,latency_avg_ms,196.63239216799082,currencyservice
2026-05-02 20:57:22,latency_avg_ms,196.63239216799082,currencyservice
2026-05-02 20:57:27,latency_avg_ms,193.2741386450223,currencyservice
2026-05-02 20:57:32,latency_avg_ms,193.2741386450223,currencyservice
2026-05-02 20:57:37,latency_avg_ms,193.2741386450223,currencyservice
2026-05-02 20:57:42,latency_avg_ms,138.5047273489933,currencyservice
2026-05-02 20:57:47,latency_avg_ms,138.5047273489933,currencyservice
2026-05-02 20:57:52,latency_avg_ms,138.5047273489933,currencyservice
2026-05-02 20:57:57,latency_avg_ms,177.63301760370348,currencyservice
2026-05-02 20:58:02,latency_avg_ms,177.63301760370348,currencyservice
2026-05-02 20:58:07,latency_avg_ms,177.63301760370348,currencyservice
2026-05-02 20:58:12,latency_avg_ms,243.57882787263532,currencyservice
2026-05-02 20:58:17,latency_avg_ms,243.57882787263532,currencyservice
2026-05-02 20:58:22,latency_avg_ms,243.5788278726353,currencyservice
2026-05-02 20:58:27,latency_avg_ms,243.57882787263526,currencyservice
2026-05-02 20:58:32,latency_avg_ms,236.98645815283317,currencyservice
2026-05-02 20:58:37,latency_avg_ms,236.98645815283317,currencyservice
2026-05-02 20:58:42,latency_avg_ms,221.42022862047438,currencyservice
2026-05-02 20:58:47,latency_avg_ms,215.36845746845748,currencyservice
2026-05-02 20:58:52,latency_avg_ms,215.36845746845745,currencyservice
2026-05-02 20:58:57,latency_avg_ms,214.8777588854759,currencyservice
2026-05-02 20:59:02,latency_avg_ms,205.99629837639114,currencyservice
2026-05-02 20:59:07,latency_avg_ms,205.9962983763911,currencyservice
2026-05-02 20:59:12,latency_avg_ms,196.13011519682627,currencyservice
2026-05-02 20:59:17,latency_avg_ms,195.59592620768365,currencyservice
2026-05-02 20:59:22,latency_avg_ms,195.59592620768365,currencyservice
2026-05-02 20:59:27,latency_avg_ms,195.59592620768362,currencyservice
2026-05-02 20:59:32,latency_avg_ms,148.59947442635578,currencyservice
2026-05-02 20:59:37,latency_avg_ms,148.5994744263558,currencyservice
2026-05-02 20:59:42,latency_avg_ms,148.59947442635578,currencyservice
2026-05-02 20:59:47,latency_avg_ms,6.348648648709686,currencyservice
2026-05-02 20:59:52,latency_avg_ms,6.348648648709686,currencyservice
2026-05-02 20:59:57,latency_avg_ms,6.348648648709686,currencyservice
2026-05-02 21:00:02,latency_avg_ms,,currencyservice
2026-05-02 21:00:07,latency_avg_ms,,currencyservice
2026-05-02 21:00:12,latency_avg_ms,,currencyservice
2026-05-02 21:00:17,latency_avg_ms,,currencyservice
2026-05-02 21:00:22,latency_avg_ms,,currencyservice
2026-05-02 21:00:27,latency_avg_ms,,currencyservice
2026-05-02 21:00:32,latency_avg_ms,,currencyservice
2026-05-02 21:00:37,latency_avg_ms,,currencyservice
2026-05-02 21:00:42,latency_avg_ms,,currencyservice
2026-05-02 21:00:47,latency_avg_ms,,currencyservice
2026-05-02 21:00:52,latency_avg_ms,,currencyservice
2026-05-02 21:00:57,latency_avg_ms,,currencyservice
2026-05-02 21:01:02,latency_avg_ms,,currencyservice
2026-05-02 21:01:07,latency_avg_ms,,currencyservice
2026-05-02 21:01:12,latency_avg_ms,,currencyservice
2026-05-02 21:01:17,latency_avg_ms,,currencyservice
2026-05-02 21:01:22,latency_avg_ms,,currencyservice
2026-05-02 20:54:22,latency_avg_ms,,emailservice
2026-05-02 20:54:27,latency_avg_ms,,emailservice
2026-05-02 20:54:32,latency_avg_ms,,emailservice
2026-05-02 20:54:37,latency_avg_ms,,emailservice
2026-05-02 20:54:42,latency_avg_ms,,emailservice
2026-05-02 20:54:47,latency_avg_ms,,emailservice
2026-05-02 20:54:52,latency_avg_ms,2.6500000000000004,emailservice
2026-05-02 20:54:57,latency_avg_ms,2.6500000000000004,emailservice
2026-05-02 20:55:02,latency_avg_ms,2.65,emailservice
2026-05-02 20:55:07,latency_avg_ms,5.339285714285714,emailservice
2026-05-02 20:55:12,latency_avg_ms,5.339285714285714,emailservice
2026-05-02 20:55:17,latency_avg_ms,5.339285714285714,emailservice
2026-05-02 20:55:22,latency_avg_ms,7.889705882352941,emailservice
2026-05-02 20:55:27,latency_avg_ms,7.889705882352941,emailservice
2026-05-02 20:55:32,latency_avg_ms,8.305555555555555,emailservice
2026-05-02 20:55:37,latency_avg_ms,7.146899224806206,emailservice
2026-05-02 20:55:42,latency_avg_ms,7.146899224806206,emailservice
2026-05-02 20:55:47,latency_avg_ms,7.146899224806206,emailservice
2026-05-02 20:55:52,latency_avg_ms,7.727717391304355,emailservice
2026-05-02 20:55:57,latency_avg_ms,7.796402877697841,emailservice
2026-05-02 20:56:02,latency_avg_ms,7.796402877697841,emailservice
2026-05-02 20:56:07,latency_avg_ms,6.826991150442476,emailservice
2026-05-02 20:56:12,latency_avg_ms,6.001445086705207,emailservice
2026-05-02 20:56:17,latency_avg_ms,6.001445086705207,emailservice
2026-05-02 20:56:22,latency_avg_ms,5.97710280373832,emailservice
2026-05-02 20:56:27,latency_avg_ms,5.0760204081632585,emailservice
2026-05-02 20:56:32,latency_avg_ms,5.0760204081632585,emailservice
2026-05-02 20:56:37,latency_avg_ms,4.175503355704695,emailservice
2026-05-02 20:56:42,latency_avg_ms,6.104339622641511,emailservice
2026-05-02 20:56:47,latency_avg_ms,6.104339622641511,emailservice
2026-05-02 20:56:52,latency_avg_ms,6.104339622641511,emailservice
2026-05-02 20:56:57,latency_avg_ms,5.718729641693806,emailservice
2026-05-02 20:57:02,latency_avg_ms,5.718729641693806,emailservice
2026-05-02 20:57:07,latency_avg_ms,5.718729641693806,emailservice
2026-05-02 20:57:12,latency_avg_ms,5.597766323024061,emailservice
2026-05-02 20:57:17,latency_avg_ms,5.597766323024061,emailservice
2026-05-02 20:57:22,latency_avg_ms,5.597766323024061,emailservice
2026-05-02 20:57:27,latency_avg_ms,3.3725454545454574,emailservice
2026-05-02 20:57:32,latency_avg_ms,3.3725454545454574,emailservice
2026-05-02 20:57:37,latency_avg_ms,3.3725454545454574,emailservice
2026-05-02 20:57:42,latency_avg_ms,2.8562283737024248,emailservice
2026-05-02 20:57:47,latency_avg_ms,2.8562283737024248,emailservice
2026-05-02 20:57:52,latency_avg_ms,2.8562283737024243,emailservice
2026-05-02 20:57:57,latency_avg_ms,2.7629629629629595,emailservice
2026-05-02 20:58:02,latency_avg_ms,3.3529929577464785,emailservice
2026-05-02 20:58:07,latency_avg_ms,3.3529929577464785,emailservice
2026-05-02 20:58:12,latency_avg_ms,3.577445652173913,emailservice
2026-05-02 20:58:17,latency_avg_ms,3.5482014388489267,emailservice
2026-05-02 20:58:22,latency_avg_ms,3.5482014388489267,emailservice
2026-05-02 20:58:27,latency_avg_ms,4.219753086419766,emailservice
2026-05-02 20:58:32,latency_avg_ms,3.7391304347826084,emailservice
2026-05-02 20:58:37,latency_avg_ms,3.7391304347826084,emailservice
2026-05-02 20:58:42,latency_avg_ms,3.114506172839502,emailservice
2026-05-02 20:58:47,latency_avg_ms,3.8936599423631084,emailservice
2026-05-02 20:58:52,latency_avg_ms,3.8936599423631084,emailservice
2026-05-02 20:58:57,latency_avg_ms,3.8936599423631084,emailservice
2026-05-02 20:59:02,latency_avg_ms,4.0548689138576695,emailservice
2026-05-02 20:59:07,latency_avg_ms,4.0548689138576695,emailservice
2026-05-02 20:59:12,latency_avg_ms,4.0548689138576695,emailservice
2026-05-02 20:59:17,latency_avg_ms,4.53905472636816,emailservice
2026-05-02 20:59:22,latency_avg_ms,4.539054726368161,emailservice
2026-05-02 20:59:27,latency_avg_ms,4.539054726368161,emailservice
2026-05-02 20:59:32,latency_avg_ms,3.378632478632488,emailservice
2026-05-02 20:59:37,latency_avg_ms,3.3786324786324875,emailservice
2026-05-02 20:59:42,latency_avg_ms,3.378632478632488,emailservice
2026-05-02 20:59:47,latency_avg_ms,3.050000000000182,emailservice
2026-05-02 20:59:52,latency_avg_ms,3.050000000000182,emailservice
2026-05-02 20:59:57,latency_avg_ms,3.050000000000182,emailservice
2026-05-02 21:00:02,latency_avg_ms,,emailservice
2026-05-02 21:00:07,latency_avg_ms,,emailservice
2026-05-02 21:00:12,latency_avg_ms,,emailservice
2026-05-02 21:00:17,latency_avg_ms,,emailservice
2026-05-02 21:00:22,latency_avg_ms,,emailservice
2026-05-02 21:00:27,latency_avg_ms,,emailservice
2026-05-02 21:00:32,latency_avg_ms,,emailservice
2026-05-02 21:00:37,latency_avg_ms,,emailservice
2026-05-02 21:00:42,latency_avg_ms,,emailservice
2026-05-02 21:00:47,latency_avg_ms,,emailservice
2026-05-02 21:00:52,latency_avg_ms,,emailservice
2026-05-02 21:00:57,latency_avg_ms,,emailservice
2026-05-02 21:01:02,latency_avg_ms,,emailservice
2026-05-02 21:01:07,latency_avg_ms,,emailservice
2026-05-02 21:01:12,latency_avg_ms,,emailservice
2026-05-02 21:01:17,latency_avg_ms,,emailservice
2026-05-02 21:01:22,latency_avg_ms,,emailservice
2026-05-02 20:54:22,latency_avg_ms,,frontend
2026-05-02 20:54:27,latency_avg_ms,,frontend
2026-05-02 20:54:32,latency_avg_ms,,frontend
2026-05-02 20:54:37,latency_avg_ms,,frontend
2026-05-02 20:54:42,latency_avg_ms,,frontend
2026-05-02 20:54:47,latency_avg_ms,,frontend
2026-05-02 20:54:52,latency_avg_ms,,frontend
2026-05-02 20:54:57,latency_avg_ms,663.6351170568561,frontend
2026-05-02 20:55:02,latency_avg_ms,663.6351170568561,frontend
2026-05-02 20:55:07,latency_avg_ms,663.6351170568561,frontend
2026-05-02 20:55:12,latency_avg_ms,1825.9733229329177,frontend
2026-05-02 20:55:17,latency_avg_ms,1825.9733229329177,frontend
2026-05-02 20:55:22,latency_avg_ms,1825.9733229329172,frontend
2026-05-02 20:55:27,latency_avg_ms,1825.9733229329172,frontend
2026-05-02 20:55:32,latency_avg_ms,2639.656072555205,frontend
2026-05-02 20:55:37,latency_avg_ms,3249.388028895769,frontend
2026-05-02 20:55:42,latency_avg_ms,3249.388028895769,frontend
2026-05-02 20:55:47,latency_avg_ms,3217.874960085152,frontend
2026-05-02 20:55:52,latency_avg_ms,3217.874960085152,frontend
2026-05-02 20:55:57,latency_avg_ms,3301.4736824983734,frontend
2026-05-02 20:56:02,latency_avg_ms,3551.330962521295,frontend
2026-05-02 20:56:07,latency_avg_ms,3551.330962521295,frontend
2026-05-02 20:56:12,latency_avg_ms,3580.412608948286,frontend
2026-05-02 20:56:17,latency_avg_ms,3589.4139797507787,frontend
2026-05-02 20:56:22,latency_avg_ms,3589.4139797507787,frontend
2026-05-02 20:56:27,latency_avg_ms,3589.4139797507787,frontend
2026-05-02 20:56:32,latency_avg_ms,3305.193199573864,frontend
2026-05-02 20:56:37,latency_avg_ms,3305.193199573864,frontend
2026-05-02 20:56:42,latency_avg_ms,3305.193199573864,frontend
2026-05-02 20:56:47,latency_avg_ms,2686.530469678954,frontend
2026-05-02 20:56:52,latency_avg_ms,2686.530469678954,frontend
2026-05-02 20:56:57,latency_avg_ms,2686.530469678954,frontend
2026-05-02 20:57:02,latency_avg_ms,2394.8995639138734,frontend
2026-05-02 20:57:07,latency_avg_ms,2394.8995639138734,frontend
2026-05-02 20:57:12,latency_avg_ms,2394.8995639138734,frontend
2026-05-02 20:57:17,latency_avg_ms,2404.3202156334232,frontend
2026-05-02 20:57:22,latency_avg_ms,2404.3202156334232,frontend
2026-05-02 20:57:27,latency_avg_ms,2404.3202156334232,frontend
2026-05-02 20:57:32,latency_avg_ms,2477.3248042505593,frontend
2026-05-02 20:57:37,latency_avg_ms,2477.324804250559,frontend
2026-05-02 20:57:42,latency_avg_ms,2477.324804250559,frontend
2026-05-02 20:57:47,latency_avg_ms,2514.1576956648237,frontend
2026-05-02 20:57:52,latency_avg_ms,2514.1576956648237,frontend
2026-05-02 20:57:57,latency_avg_ms,2514.1576956648237,frontend
2026-05-02 20:58:02,latency_avg_ms,2466.7021894548698,frontend
2026-05-02 20:58:07,latency_avg_ms,2644.4367466266867,frontend
2026-05-02 20:58:12,latency_avg_ms,2644.4367466266867,frontend
2026-05-02 20:58:17,latency_avg_ms,2789.6144786729865,frontend
2026-05-02 20:58:22,latency_avg_ms,2707.4197798838277,frontend
2026-05-02 20:58:27,latency_avg_ms,2707.4197798838277,frontend
2026-05-02 20:58:32,latency_avg_ms,2776.1738706820192,frontend
2026-05-02 20:58:37,latency_avg_ms,2770.0237390516463,frontend
2026-05-02 20:58:42,latency_avg_ms,2770.0237390516463,frontend
2026-05-02 20:58:47,latency_avg_ms,2652.588775971093,frontend
2026-05-02 20:58:52,latency_avg_ms,2681.4731819251588,frontend
2026-05-02 20:58:57,latency_avg_ms,2681.4731819251588,frontend
2026-05-02 20:59:02,latency_avg_ms,2681.4731819251588,frontend
2026-05-02 20:59:07,latency_avg_ms,2671.9918679302964,frontend
2026-05-02 20:59:12,latency_avg_ms,2671.9918679302964,frontend
2026-05-02 20:59:17,latency_avg_ms,2671.9918679302964,frontend
2026-05-02 20:59:22,latency_avg_ms,2631.7120829576197,frontend
2026-05-02 20:59:27,latency_avg_ms,2631.7120829576197,frontend
2026-05-02 20:59:32,latency_avg_ms,2631.7120829576197,frontend
2026-05-02 20:59:37,latency_avg_ms,2459.7106249999997,frontend
2026-05-02 20:59:42,latency_avg_ms,2459.7106249999997,frontend
2026-05-02 20:59:47,latency_avg_ms,2459.7106249999997,frontend
2026-05-02 20:59:52,latency_avg_ms,,frontend
2026-05-02 20:59:57,latency_avg_ms,,frontend
2026-05-02 21:00:02,latency_avg_ms,,frontend
2026-05-02 21:00:07,latency_avg_ms,,frontend
2026-05-02 21:00:12,latency_avg_ms,,frontend
2026-05-02 21:00:17,latency_avg_ms,,frontend
2026-05-02 21:00:22,latency_avg_ms,,frontend
2026-05-02 21:00:27,latency_avg_ms,,frontend
2026-05-02 21:00:32,latency_avg_ms,,frontend
2026-05-02 21:00:37,latency_avg_ms,,frontend
2026-05-02 21:00:42,latency_avg_ms,,frontend
2026-05-02 21:00:47,latency_avg_ms,,frontend
2026-05-02 21:00:52,latency_avg_ms,,frontend
2026-05-02 21:00:57,latency_avg_ms,,frontend
2026-05-02 21:01:02,latency_avg_ms,,frontend
2026-05-02 21:01:07,latency_avg_ms,,frontend
2026-05-02 21:01:12,latency_avg_ms,,frontend
2026-05-02 21:01:17,latency_avg_ms,,frontend
2026-05-02 21:01:22,latency_avg_ms,,frontend
2026-05-02 20:54:22,latency_avg_ms,,paymentservice
2026-05-02 20:54:27,latency_avg_ms,,paymentservice
2026-05-02 20:54:32,latency_avg_ms,,paymentservice
2026-05-02 20:54:37,latency_avg_ms,,paymentservice
2026-05-02 20:54:42,latency_avg_ms,,paymentservice
2026-05-02 20:54:47,latency_avg_ms,,paymentservice
2026-05-02 20:54:52,latency_avg_ms,3.6214285714285586,paymentservice
2026-05-02 20:54:57,latency_avg_ms,3.6214285714285586,paymentservice
2026-05-02 20:55:02,latency_avg_ms,3.6214285714285586,paymentservice
2026-05-02 20:55:07,latency_avg_ms,6.761627906976723,paymentservice
2026-05-02 20:55:12,latency_avg_ms,6.761627906976723,paymentservice
2026-05-02 20:55:17,latency_avg_ms,6.761627906976722,paymentservice
2026-05-02 20:55:22,latency_avg_ms,8.649999999999988,paymentservice
2026-05-02 20:55:27,latency_avg_ms,8.649999999999988,paymentservice
2026-05-02 20:55:32,latency_avg_ms,9.716666666666656,paymentservice
2026-05-02 20:55:37,latency_avg_ms,9.537318840579708,paymentservice
2026-05-02 20:55:42,latency_avg_ms,9.537318840579708,paymentservice
2026-05-02 20:55:47,latency_avg_ms,9.537318840579708,paymentservice
2026-05-02 20:55:52,latency_avg_ms,8.660204081632655,paymentservice
2026-05-02 20:55:57,latency_avg_ms,8.660204081632655,paymentservice
2026-05-02 20:56:02,latency_avg_ms,8.660204081632655,paymentservice
2026-05-02 20:56:07,latency_avg_ms,13.404571428571435,paymentservice
2026-05-02 20:56:12,latency_avg_ms,13.404571428571435,paymentservice
2026-05-02 20:56:17,latency_avg_ms,13.404571428571435,paymentservice
2026-05-02 20:56:22,latency_avg_ms,16.22281553398059,paymentservice
2026-05-02 20:56:27,latency_avg_ms,10.169154228855723,paymentservice
2026-05-02 20:56:32,latency_avg_ms,10.169154228855723,paymentservice
2026-05-02 20:56:37,latency_avg_ms,11.331595092024541,paymentservice
2026-05-02 20:56:42,latency_avg_ms,8.580795847750863,paymentservice
2026-05-02 20:56:47,latency_avg_ms,8.580795847750863,paymentservice
2026-05-02 20:56:52,latency_avg_ms,4.49040178571428,paymentservice
2026-05-02 20:56:57,latency_avg_ms,4.135691318327971,paymentservice
2026-05-02 20:57:02,latency_avg_ms,4.135691318327971,paymentservice
2026-05-02 20:57:07,latency_avg_ms,4.287089201877932,paymentservice
2026-05-02 20:57:12,latency_avg_ms,4.116491228070178,paymentservice
2026-05-02 20:57:17,latency_avg_ms,4.116491228070178,paymentservice
2026-05-02 20:57:22,latency_avg_ms,4.116491228070178,paymentservice
2026-05-02 20:57:27,latency_avg_ms,3.2629562043795657,paymentservice
2026-05-02 20:57:32,latency_avg_ms,3.2629562043795657,paymentservice
2026-05-02 20:57:37,latency_avg_ms,3.2629562043795657,paymentservice
2026-05-02 20:57:42,latency_avg_ms,3.2510452961672507,paymentservice
2026-05-02 20:57:47,latency_avg_ms,3.2510452961672507,paymentservice
2026-05-02 20:57:52,latency_avg_ms,3.2510452961672507,paymentservice
2026-05-02 20:57:57,latency_avg_ms,3.151779359430604,paymentservice
2026-05-02 20:58:02,latency_avg_ms,3.151779359430604,paymentservice
2026-05-02 20:58:07,latency_avg_ms,3.151779359430604,paymentservice
2026-05-02 20:58:12,latency_avg_ms,2.9425196850393682,paymentservice
2026-05-02 20:58:17,latency_avg_ms,2.9425196850393682,paymentservice
2026-05-02 20:58:22,latency_avg_ms,2.9425196850393682,paymentservice
2026-05-02 20:58:27,latency_avg_ms,2.7795454545454494,paymentservice
2026-05-02 20:58:32,latency_avg_ms,2.726973684210518,paymentservice
2026-05-02 20:58:37,latency_avg_ms,2.726973684210518,paymentservice
2026-05-02 20:58:42,latency_avg_ms,2.5253086419752995,paymentservice
2026-05-02 20:58:47,latency_avg_ms,3.0424418604651176,paymentservice
2026-05-02 20:58:52,latency_avg_ms,3.0424418604651176,paymentservice
2026-05-02 20:58:57,latency_avg_ms,3.246875000000003,paymentservice
2026-05-02 20:59:02,latency_avg_ms,3.2239463601532594,paymentservice
2026-05-02 20:59:07,latency_avg_ms,3.2239463601532594,paymentservice
2026-05-02 20:59:12,latency_avg_ms,3.4639037433155178,paymentservice
2026-05-02 20:59:17,latency_avg_ms,3.4639037433155178,paymentservice
2026-05-02 20:59:22,latency_avg_ms,3.4639037433155178,paymentservice
2026-05-02 20:59:27,latency_avg_ms,3.4639037433155178,paymentservice
2026-05-02 20:59:32,latency_avg_ms,2.4603960396039604,paymentservice
2026-05-02 20:59:37,latency_avg_ms,2.4603960396039604,paymentservice
2026-05-02 20:59:42,latency_avg_ms,2.460396039603961,paymentservice
2026-05-02 20:59:47,latency_avg_ms,,paymentservice
2026-05-02 20:59:52,latency_avg_ms,,paymentservice
2026-05-02 20:59:57,latency_avg_ms,,paymentservice
2026-05-02 21:00:02,latency_avg_ms,,paymentservice
2026-05-02 21:00:07,latency_avg_ms,,paymentservice
2026-05-02 21:00:12,latency_avg_ms,,paymentservice
2026-05-02 21:00:17,latency_avg_ms,,paymentservice
2026-05-02 21:00:22,latency_avg_ms,,paymentservice
2026-05-02 21:00:27,latency_avg_ms,,paymentservice
2026-05-02 21:00:32,latency_avg_ms,,paymentservice
2026-05-02 21:00:37,latency_avg_ms,,paymentservice
2026-05-02 21:00:42,latency_avg_ms,,paymentservice
2026-05-02 21:00:47,latency_avg_ms,,paymentservice
2026-05-02 21:00:52,latency_avg_ms,,paymentservice
2026-05-02 21:00:57,latency_avg_ms,,paymentservice
2026-05-02 21:01:02,latency_avg_ms,,paymentservice
2026-05-02 21:01:07,latency_avg_ms,,paymentservice
2026-05-02 21:01:12,latency_avg_ms,,paymentservice
2026-05-02 21:01:17,latency_avg_ms,,paymentservice
2026-05-02 21:01:22,latency_avg_ms,,paymentservice
2026-05-02 20:54:22,latency_avg_ms,,productcatalogservice
2026-05-02 20:54:27,latency_avg_ms,,productcatalogservice
2026-05-02 20:54:32,latency_avg_ms,,productcatalogservice
2026-05-02 20:54:37,latency_avg_ms,,productcatalogservice
2026-05-02 20:54:42,latency_avg_ms,,productcatalogservice
2026-05-02 20:54:47,latency_avg_ms,,productcatalogservice
2026-05-02 20:54:52,latency_avg_ms,,productcatalogservice
2026-05-02 20:54:57,latency_avg_ms,1.9406901509705172,productcatalogservice
2026-05-02 20:55:02,latency_avg_ms,1.9406901509705172,productcatalogservice
2026-05-02 20:55:07,latency_avg_ms,1.940690150970517,productcatalogservice
2026-05-02 20:55:12,latency_avg_ms,6.07828212290503,productcatalogservice
2026-05-02 20:55:17,latency_avg_ms,6.07828212290503,productcatalogservice
2026-05-02 20:55:22,latency_avg_ms,6.07828212290503,productcatalogservice
2026-05-02 20:55:27,latency_avg_ms,6.078282122905031,productcatalogservice
2026-05-02 20:55:32,latency_avg_ms,6.400721410758812,productcatalogservice
2026-05-02 20:55:37,latency_avg_ms,6.400721410758812,productcatalogservice
2026-05-02 20:55:42,latency_avg_ms,7.869796353303331,productcatalogservice
2026-05-02 20:55:47,latency_avg_ms,7.141037619867222,productcatalogservice
2026-05-02 20:55:52,latency_avg_ms,7.141037619867222,productcatalogservice
2026-05-02 20:55:57,latency_avg_ms,6.5120102086773715,productcatalogservice
2026-05-02 20:56:02,latency_avg_ms,5.801712967507602,productcatalogservice
2026-05-02 20:56:07,latency_avg_ms,5.801712967507602,productcatalogservice
2026-05-02 20:56:12,latency_avg_ms,5.456044103805296,productcatalogservice
2026-05-02 20:56:17,latency_avg_ms,5.857995291561026,productcatalogservice
2026-05-02 20:56:22,latency_avg_ms,5.857995291561027,productcatalogservice
2026-05-02 20:56:27,latency_avg_ms,5.857995291561027,productcatalogservice
2026-05-02 20:56:32,latency_avg_ms,6.104966194462331,productcatalogservice
2026-05-02 20:56:37,latency_avg_ms,6.104966194462331,productcatalogservice
2026-05-02 20:56:42,latency_avg_ms,6.104966194462331,productcatalogservice
2026-05-02 20:56:47,latency_avg_ms,6.4127558479532185,productcatalogservice
2026-05-02 20:56:52,latency_avg_ms,6.4127558479532185,productcatalogservice
2026-05-02 20:56:57,latency_avg_ms,6.4127558479532185,productcatalogservice
2026-05-02 20:57:02,latency_avg_ms,6.278056426332294,productcatalogservice
2026-05-02 20:57:07,latency_avg_ms,6.143558100084823,productcatalogservice
2026-05-02 20:57:12,latency_avg_ms,6.143558100084823,productcatalogservice
2026-05-02 20:57:17,latency_avg_ms,5.6053392829666135,productcatalogservice
2026-05-02 20:57:22,latency_avg_ms,6.076729161388396,productcatalogservice
2026-05-02 20:57:27,latency_avg_ms,6.076729161388396,productcatalogservice
2026-05-02 20:57:32,latency_avg_ms,6.319132210311384,productcatalogservice
2026-05-02 20:57:37,latency_avg_ms,6.31806464276368,productcatalogservice
2026-05-02 20:57:42,latency_avg_ms,6.31806464276368,productcatalogservice
2026-05-02 20:57:47,latency_avg_ms,6.480920505955136,productcatalogservice
2026-05-02 20:57:52,latency_avg_ms,7.35209969386397,productcatalogservice
2026-05-02 20:57:57,latency_avg_ms,7.35209969386397,productcatalogservice
2026-05-02 20:58:02,latency_avg_ms,7.35209969386397,productcatalogservice
2026-05-02 20:58:07,latency_avg_ms,6.750406589554854,productcatalogservice
2026-05-02 20:58:12,latency_avg_ms,6.750406589554854,productcatalogservice
2026-05-02 20:58:17,latency_avg_ms,6.750406589554854,productcatalogservice
2026-05-02 20:58:22,latency_avg_ms,6.102016404647975,productcatalogservice
2026-05-02 20:58:27,latency_avg_ms,6.102016404647975,productcatalogservice
2026-05-02 20:58:32,latency_avg_ms,6.102016404647975,productcatalogservice
2026-05-02 20:58:37,latency_avg_ms,4.582640388768893,productcatalogservice
2026-05-02 20:58:42,latency_avg_ms,4.582640388768893,productcatalogservice
2026-05-02 20:58:47,latency_avg_ms,4.582640388768893,productcatalogservice
2026-05-02 20:58:52,latency_avg_ms,5.124818432256444,productcatalogservice
2026-05-02 20:58:57,latency_avg_ms,5.124818432256445,productcatalogservice
2026-05-02 20:59:02,latency_avg_ms,5.124818432256445,productcatalogservice
2026-05-02 20:59:07,latency_avg_ms,5.457161860624792,productcatalogservice
2026-05-02 20:59:12,latency_avg_ms,5.457161860624792,productcatalogservice
2026-05-02 20:59:17,latency_avg_ms,5.457161860624792,productcatalogservice
2026-05-02 20:59:22,latency_avg_ms,5.776103133159282,productcatalogservice
2026-05-02 20:59:27,latency_avg_ms,5.776103133159282,productcatalogservice
2026-05-02 20:59:32,latency_avg_ms,5.776103133159282,productcatalogservice
2026-05-02 20:59:37,latency_avg_ms,5.670561299852292,productcatalogservice
2026-05-02 20:59:42,latency_avg_ms,5.67056129985229,productcatalogservice
2026-05-02 20:59:47,latency_avg_ms,5.670561299852292,productcatalogservice
2026-05-02 20:59:52,latency_avg_ms,,productcatalogservice
2026-05-02 20:59:57,latency_avg_ms,,productcatalogservice
2026-05-02 21:00:02,latency_avg_ms,,productcatalogservice
2026-05-02 21:00:07,latency_avg_ms,,productcatalogservice
2026-05-02 21:00:12,latency_avg_ms,,productcatalogservice
2026-05-02 21:00:17,latency_avg_ms,,productcatalogservice
2026-05-02 21:00:22,latency_avg_ms,,productcatalogservice
2026-05-02 21:00:27,latency_avg_ms,,productcatalogservice
2026-05-02 21:00:32,latency_avg_ms,,productcatalogservice
2026-05-02 21:00:37,latency_avg_ms,,productcatalogservice
2026-05-02 21:00:42,latency_avg_ms,,productcatalogservice
2026-05-02 21:00:47,latency_avg_ms,,productcatalogservice
2026-05-02 21:00:52,latency_avg_ms,,productcatalogservice
2026-05-02 21:00:57,latency_avg_ms,,productcatalogservice
2026-05-02 21:01:02,latency_avg_ms,,productcatalogservice
2026-05-02 21:01:07,latency_avg_ms,,productcatalogservice
2026-05-02 21:01:12,latency_avg_ms,,productcatalogservice
2026-05-02 21:01:17,latency_avg_ms,,productcatalogservice
2026-05-02 21:01:22,latency_avg_ms,,productcatalogservice
2026-05-02 20:54:22,latency_avg_ms,,recommendationservice
2026-05-02 20:54:27,latency_avg_ms,,recommendationservice
2026-05-02 20:54:32,latency_avg_ms,,recommendationservice
2026-05-02 20:54:37,latency_avg_ms,,recommendationservice
2026-05-02 20:54:42,latency_avg_ms,,recommendationservice
2026-05-02 20:54:47,latency_avg_ms,,recommendationservice
2026-05-02 20:54:52,latency_avg_ms,,recommendationservice
2026-05-02 20:54:57,latency_avg_ms,42.3802158273388,recommendationservice
2026-05-02 20:55:02,latency_avg_ms,42.3802158273388,recommendationservice
2026-05-02 20:55:07,latency_avg_ms,42.3802158273388,recommendationservice
2026-05-02 20:55:12,latency_avg_ms,142.5,recommendationservice
2026-05-02 20:55:17,latency_avg_ms,142.5,recommendationservice
2026-05-02 20:55:22,latency_avg_ms,142.5,recommendationservice
2026-05-02 20:55:27,latency_avg_ms,142.5,recommendationservice
2026-05-02 20:55:32,latency_avg_ms,303.80434782608694,recommendationservice
2026-05-02 20:55:37,latency_avg_ms,372.6262310606059,recommendationservice
2026-05-02 20:55:42,latency_avg_ms,372.6262310606059,recommendationservice
2026-05-02 20:55:47,latency_avg_ms,479.041857000993,recommendationservice
2026-05-02 20:55:52,latency_avg_ms,479.041857000993,recommendationservice
2026-05-02 20:55:57,latency_avg_ms,540.2735618115055,recommendationservice
2026-05-02 20:56:02,latency_avg_ms,492.7587062652564,recommendationservice
2026-05-02 20:56:07,latency_avg_ms,492.7587062652564,recommendationservice
2026-05-02 20:56:12,latency_avg_ms,504.8770482603818,recommendationservice
2026-05-02 20:56:17,latency_avg_ms,503.7319277108434,recommendationservice
2026-05-02 20:56:22,latency_avg_ms,503.7319277108434,recommendationservice
2026-05-02 20:56:27,latency_avg_ms,503.7319277108434,recommendationservice
2026-05-02 20:56:32,latency_avg_ms,826.9846153846154,recommendationservice
2026-05-02 20:56:37,latency_avg_ms,826.9846153846154,recommendationservice
2026-05-02 20:56:42,latency_avg_ms,826.9846153846154,recommendationservice
2026-05-02 20:56:47,latency_avg_ms,888.4421584804752,recommendationservice
2026-05-02 20:56:52,latency_avg_ms,868.5517651965034,recommendationservice
2026-05-02 20:56:57,latency_avg_ms,849.8636595004955,recommendationservice
2026-05-02 20:57:02,latency_avg_ms,852.7757898069817,recommendationservice
2026-05-02 20:57:07,latency_avg_ms,843.5909522107996,recommendationservice
2026-05-02 20:57:12,latency_avg_ms,834.6819162356843,recommendationservice
2026-05-02 20:57:17,latency_avg_ms,544.1043930231575,recommendationservice
2026-05-02 20:57:22,latency_avg_ms,541.1956168890372,recommendationservice
2026-05-02 20:57:27,latency_avg_ms,538.3438543610387,recommendationservice
2026-05-02 20:57:32,latency_avg_ms,553.6148830935251,recommendationservice
2026-05-02 20:57:37,latency_avg_ms,468.02770308123263,recommendationservice
2026-05-02 20:57:42,latency_avg_ms,468.02770308123263,recommendationservice
2026-05-02 20:57:47,latency_avg_ms,482.7669485011528,recommendationservice
2026-05-02 20:57:52,latency_avg_ms,436.1047930283221,recommendationservice
2026-05-02 20:57:57,latency_avg_ms,436.1047930283221,recommendationservice
2026-05-02 20:58:02,latency_avg_ms,324.84958609271507,recommendationservice
2026-05-02 20:58:07,latency_avg_ms,307.8920598388955,recommendationservice
2026-05-02 20:58:12,latency_avg_ms,307.8920598388955,recommendationservice
2026-05-02 20:58:17,latency_avg_ms,296.06262910798137,recommendationservice
2026-05-02 20:58:22,latency_avg_ms,265.20983658076653,recommendationservice
2026-05-02 20:58:27,latency_avg_ms,265.20983658076653,recommendationservice
2026-05-02 20:58:32,latency_avg_ms,265.20983658076653,recommendationservice
2026-05-02 20:58:37,latency_avg_ms,211.67855271774746,recommendationservice
2026-05-02 20:58:42,latency_avg_ms,211.67855271774746,recommendationservice
2026-05-02 20:58:47,latency_avg_ms,211.67855271774746,recommendationservice
2026-05-02 20:58:52,latency_avg_ms,193.44688946015435,recommendationservice
2026-05-02 20:58:57,latency_avg_ms,193.44688946015435,recommendationservice
2026-05-02 20:59:02,latency_avg_ms,193.44688946015435,recommendationservice
2026-05-02 20:59:07,latency_avg_ms,189.75161857846638,recommendationservice
2026-05-02 20:59:12,latency_avg_ms,189.75161857846638,recommendationservice
2026-05-02 20:59:17,latency_avg_ms,189.75161857846638,recommendationservice
2026-05-02 20:59:22,latency_avg_ms,206.04647368421092,recommendationservice
2026-05-02 20:59:27,latency_avg_ms,206.04647368421092,recommendationservice
2026-05-02 20:59:32,latency_avg_ms,206.04647368421092,recommendationservice
2026-05-02 20:59:37,latency_avg_ms,174.59563758389262,recommendationservice
2026-05-02 20:59:42,latency_avg_ms,174.59563758389262,recommendationservice
2026-05-02 20:59:47,latency_avg_ms,174.5956375838926,recommendationservice
2026-05-02 20:59:52,latency_avg_ms,,recommendationservice
2026-05-02 20:59:57,latency_avg_ms,,recommendationservice
2026-05-02 21:00:02,latency_avg_ms,,recommendationservice
2026-05-02 21:00:07,latency_avg_ms,,recommendationservice
2026-05-02 21:00:12,latency_avg_ms,,recommendationservice
2026-05-02 21:00:17,latency_avg_ms,,recommendationservice
2026-05-02 21:00:22,latency_avg_ms,,recommendationservice
2026-05-02 21:00:27,latency_avg_ms,,recommendationservice
2026-05-02 21:00:32,latency_avg_ms,,recommendationservice
2026-05-02 21:00:37,latency_avg_ms,,recommendationservice
2026-05-02 21:00:42,latency_avg_ms,,recommendationservice
2026-05-02 21:00:47,latency_avg_ms,,recommendationservice
2026-05-02 21:00:52,latency_avg_ms,,recommendationservice
2026-05-02 21:00:57,latency_avg_ms,,recommendationservice
2026-05-02 21:01:02,latency_avg_ms,,recommendationservice
2026-05-02 21:01:07,latency_avg_ms,,recommendationservice
2026-05-02 21:01:12,latency_avg_ms,,recommendationservice
2026-05-02 21:01:17,latency_avg_ms,,recommendationservice
2026-05-02 21:01:22,latency_avg_ms,,recommendationservice
2026-05-02 20:54:22,latency_avg_ms,,shippingservice
2026-05-02 20:54:27,latency_avg_ms,,shippingservice
2026-05-02 20:54:32,latency_avg_ms,,shippingservice
2026-05-02 20:54:37,latency_avg_ms,,shippingservice
2026-05-02 20:54:42,latency_avg_ms,0.4199999999999818,shippingservice
2026-05-02 20:54:47,latency_avg_ms,0.4199999999999818,shippingservice
2026-05-02 20:54:52,latency_avg_ms,0.4199999999999818,shippingservice
2026-05-02 20:54:57,latency_avg_ms,0.41999999999998183,shippingservice
2026-05-02 20:55:02,latency_avg_ms,2.0838028169014184,shippingservice
2026-05-02 20:55:07,latency_avg_ms,2.0838028169014184,shippingservice
2026-05-02 20:55:12,latency_avg_ms,2.083802816901419,shippingservice
2026-05-02 20:55:17,latency_avg_ms,3.8657480314960653,shippingservice
2026-05-02 20:55:22,latency_avg_ms,3.8657480314960653,shippingservice
2026-05-02 20:55:27,latency_avg_ms,4.0069672131147565,shippingservice
2026-05-02 20:55:32,latency_avg_ms,3.0960365853658574,shippingservice
2026-05-02 20:55:37,latency_avg_ms,3.0960365853658574,shippingservice
2026-05-02 20:55:42,latency_avg_ms,3.4209722222222223,shippingservice
2026-05-02 20:55:47,latency_avg_ms,2.892647058823529,shippingservice
2026-05-02 20:55:52,latency_avg_ms,2.892647058823529,shippingservice
2026-05-02 20:55:57,latency_avg_ms,2.892647058823529,shippingservice
2026-05-02 20:56:02,latency_avg_ms,2.115772532188843,shippingservice
2026-05-02 20:56:07,latency_avg_ms,1.987265415549598,shippingservice
2026-05-02 20:56:12,latency_avg_ms,1.987265415549598,shippingservice
2026-05-02 20:56:17,latency_avg_ms,1.8814257028112429,shippingservice
2026-05-02 20:56:22,latency_avg_ms,2.589378238341969,shippingservice
2026-05-02 20:56:27,latency_avg_ms,2.589378238341969,shippingservice
2026-05-02 20:56:32,latency_avg_ms,2.813357400722022,shippingservice
2026-05-02 20:56:37,latency_avg_ms,2.8566137566137573,shippingservice
2026-05-02 20:56:42,latency_avg_ms,2.8566137566137573,shippingservice
2026-05-02 20:56:47,latency_avg_ms,3.3127067669172954,shippingservice
2026-05-02 20:56:52,latency_avg_ms,3.086691658856609,shippingservice
2026-05-02 20:56:57,latency_avg_ms,3.086691658856609,shippingservice
2026-05-02 20:57:02,latency_avg_ms,3.086691658856609,shippingservice
2026-05-02 20:57:07,latency_avg_ms,2.591102873030585,shippingservice
2026-05-02 20:57:12,latency_avg_ms,2.591102873030585,shippingservice
2026-05-02 20:57:17,latency_avg_ms,2.591102873030585,shippingservice
2026-05-02 20:57:22,latency_avg_ms,2.370856610800744,shippingservice
2026-05-02 20:57:27,latency_avg_ms,2.370856610800744,shippingservice
2026-05-02 20:57:32,latency_avg_ms,2.370856610800744,shippingservice
2026-05-02 20:57:37,latency_avg_ms,2.0319905213270117,shippingservice
2026-05-02 20:57:42,latency_avg_ms,2.0319905213270117,shippingservice
2026-05-02 20:57:47,latency_avg_ms,2.0319905213270117,shippingservice
2026-05-02 20:57:52,latency_avg_ms,3.4570667957405594,shippingservice
2026-05-02 20:57:57,latency_avg_ms,3.4570667957405594,shippingservice
2026-05-02 20:58:02,latency_avg_ms,3.4570667957405594,shippingservice
2026-05-02 20:58:07,latency_avg_ms,4.141808346213291,shippingservice
2026-05-02 20:58:12,latency_avg_ms,3.3372507869884576,shippingservice
2026-05-02 20:58:17,latency_avg_ms,3.3372507869884576,shippingservice
2026-05-02 20:58:22,latency_avg_ms,4.372631578947373,shippingservice
2026-05-02 20:58:27,latency_avg_ms,3.317546948356809,shippingservice
2026-05-02 20:58:32,latency_avg_ms,3.317546948356809,shippingservice
2026-05-02 20:58:37,latency_avg_ms,1.4197278911564646,shippingservice
2026-05-02 20:58:42,latency_avg_ms,1.6600350058343052,shippingservice
2026-05-02 20:58:47,latency_avg_ms,1.6600350058343052,shippingservice
2026-05-02 20:58:52,latency_avg_ms,1.6733212341197787,shippingservice
2026-05-02 20:58:57,latency_avg_ms,1.7202344546381252,shippingservice
2026-05-02 20:59:02,latency_avg_ms,1.7202344546381252,shippingservice
2026-05-02 20:59:07,latency_avg_ms,1.7202344546381252,shippingservice
2026-05-02 20:59:12,latency_avg_ms,1.9453769559032696,shippingservice
2026-05-02 20:59:17,latency_avg_ms,1.9453769559032696,shippingservice
2026-05-02 20:59:22,latency_avg_ms,1.9453769559032696,shippingservice
2026-05-02 20:59:27,latency_avg_ms,1.796658986175115,shippingservice
2026-05-02 20:59:32,latency_avg_ms,1.7966589861751154,shippingservice
2026-05-02 20:59:37,latency_avg_ms,1.7966589861751154,shippingservice
2026-05-02 20:59:42,latency_avg_ms,1.7056179775280613,shippingservice
2026-05-02 20:59:47,latency_avg_ms,1.7056179775280615,shippingservice
2026-05-02 20:59:52,latency_avg_ms,1.7056179775280613,shippingservice
2026-05-02 20:59:57,latency_avg_ms,,shippingservice
2026-05-02 21:00:02,latency_avg_ms,,shippingservice
2026-05-02 21:00:07,latency_avg_ms,,shippingservice
2026-05-02 21:00:12,latency_avg_ms,,shippingservice
2026-05-02 21:00:17,latency_avg_ms,,shippingservice
2026-05-02 21:00:22,latency_avg_ms,,shippingservice
2026-05-02 21:00:27,latency_avg_ms,,shippingservice
2026-05-02 21:00:32,latency_avg_ms,,shippingservice
2026-05-02 21:00:37,latency_avg_ms,,shippingservice
2026-05-02 21:00:42,latency_avg_ms,,shippingservice
2026-05-02 21:00:47,latency_avg_ms,,shippingservice
2026-05-02 21:00:52,latency_avg_ms,,shippingservice
2026-05-02 21:00:57,latency_avg_ms,,shippingservice
2026-05-02 21:01:02,latency_avg_ms,,shippingservice
2026-05-02 21:01:07,latency_avg_ms,,shippingservice
2026-05-02 21:01:12,latency_avg_ms,,shippingservice
2026-05-02 21:01:17,latency_avg_ms,,shippingservice
2026-05-02 21:01:22,latency_avg_ms,,shippingservice
