timestamp,metric,value,pod
2026-05-03 22:01:40,memory_usage_bytes,200622080.0,adservice-84ccb58c97-lm9q5
2026-05-03 22:01:45,memory_usage_bytes,200626176.0,adservice-84ccb58c97-lm9q5
2026-05-03 22:01:50,memory_usage_bytes,200749056.0,adservice-84ccb58c97-lm9q5
2026-05-03 22:01:55,memory_usage_bytes,200871936.0,adservice-84ccb58c97-lm9q5
2026-05-03 22:02:00,memory_usage_bytes,200871936.0,adservice-84ccb58c97-lm9q5
2026-05-03 22:02:05,memory_usage_bytes,200871936.0,adservice-84ccb58c97-lm9q5
2026-05-03 22:02:10,memory_usage_bytes,202555392.0,adservice-84ccb58c97-lm9q5
2026-05-03 22:02:15,memory_usage_bytes,202555392.0,adservice-84ccb58c97-lm9q5
2026-05-03 22:02:20,memory_usage_bytes,202555392.0,adservice-84ccb58c97-lm9q5
2026-05-03 22:02:25,memory_usage_bytes,202555392.0,adservice-84ccb58c97-lm9q5
2026-05-03 22:02:30,memory_usage_bytes,203300864.0,adservice-84ccb58c97-lm9q5
2026-05-03 22:02:35,memory_usage_bytes,203300864.0,adservice-84ccb58c97-lm9q5
2026-05-03 22:02:40,memory_usage_bytes,203550720.0,adservice-84ccb58c97-lm9q5
2026-05-03 22:02:45,memory_usage_bytes,203792384.0,adservice-84ccb58c97-lm9q5
2026-05-03 22:02:50,memory_usage_bytes,203792384.0,adservice-84ccb58c97-lm9q5
2026-05-03 22:02:55,memory_usage_bytes,203919360.0,adservice-84ccb58c97-lm9q5
2026-05-03 22:03:00,memory_usage_bytes,203919360.0,adservice-84ccb58c97-lm9q5
2026-05-03 22:03:05,memory_usage_bytes,204558336.0,adservice-84ccb58c97-lm9q5
2026-05-03 22:03:10,memory_usage_bytes,205066240.0,adservice-84ccb58c97-lm9q5
2026-05-03 22:03:15,memory_usage_bytes,205066240.0,adservice-84ccb58c97-lm9q5
2026-05-03 22:03:20,memory_usage_bytes,205066240.0,adservice-84ccb58c97-lm9q5
2026-05-03 22:03:25,memory_usage_bytes,205594624.0,adservice-84ccb58c97-lm9q5
2026-05-03 22:03:30,memory_usage_bytes,206336000.0,adservice-84ccb58c97-lm9q5
2026-05-03 22:03:35,memory_usage_bytes,206598144.0,adservice-84ccb58c97-lm9q5
2026-05-03 22:03:40,memory_usage_bytes,206598144.0,adservice-84ccb58c97-lm9q5
2026-05-03 22:03:45,memory_usage_bytes,206598144.0,adservice-84ccb58c97-lm9q5
2026-05-03 22:03:50,memory_usage_bytes,206675968.0,adservice-84ccb58c97-lm9q5
2026-05-03 22:03:55,memory_usage_bytes,206675968.0,adservice-84ccb58c97-lm9q5
2026-05-03 22:04:00,memory_usage_bytes,206979072.0,adservice-84ccb58c97-lm9q5
2026-05-03 22:04:05,memory_usage_bytes,207269888.0,adservice-84ccb58c97-lm9q5
2026-05-03 22:04:10,memory_usage_bytes,207269888.0,adservice-84ccb58c97-lm9q5
2026-05-03 22:04:15,memory_usage_bytes,207450112.0,adservice-84ccb58c97-lm9q5
2026-05-03 22:04:20,memory_usage_bytes,207450112.0,adservice-84ccb58c97-lm9q5
2026-05-03 22:04:25,memory_usage_bytes,207675392.0,adservice-84ccb58c97-lm9q5
2026-05-03 22:04:30,memory_usage_bytes,207728640.0,adservice-84ccb58c97-lm9q5
2026-05-03 22:04:35,memory_usage_bytes,207736832.0,adservice-84ccb58c97-lm9q5
2026-05-03 22:04:40,memory_usage_bytes,207736832.0,adservice-84ccb58c97-lm9q5
2026-05-03 22:04:45,memory_usage_bytes,207753216.0,adservice-84ccb58c97-lm9q5
2026-05-03 22:04:50,memory_usage_bytes,207753216.0,adservice-84ccb58c97-lm9q5
2026-05-03 22:04:55,memory_usage_bytes,207769600.0,adservice-84ccb58c97-lm9q5
2026-05-03 22:05:00,memory_usage_bytes,207769600.0,adservice-84ccb58c97-lm9q5
2026-05-03 22:05:05,memory_usage_bytes,208334848.0,adservice-84ccb58c97-lm9q5
2026-05-03 22:05:10,memory_usage_bytes,208334848.0,adservice-84ccb58c97-lm9q5
2026-05-03 22:05:15,memory_usage_bytes,208334848.0,adservice-84ccb58c97-lm9q5
2026-05-03 22:05:20,memory_usage_bytes,208334848.0,adservice-84ccb58c97-lm9q5
2026-05-03 22:05:25,memory_usage_bytes,208334848.0,adservice-84ccb58c97-lm9q5
2026-05-03 22:05:30,memory_usage_bytes,208334848.0,adservice-84ccb58c97-lm9q5
2026-05-03 22:05:35,memory_usage_bytes,208351232.0,adservice-84ccb58c97-lm9q5
2026-05-03 22:05:40,memory_usage_bytes,208629760.0,adservice-84ccb58c97-lm9q5
2026-05-03 22:05:45,memory_usage_bytes,208637952.0,adservice-84ccb58c97-lm9q5
2026-05-03 22:05:50,memory_usage_bytes,208637952.0,adservice-84ccb58c97-lm9q5
2026-05-03 22:05:55,memory_usage_bytes,208388096.0,adservice-84ccb58c97-lm9q5
2026-05-03 22:06:00,memory_usage_bytes,208388096.0,adservice-84ccb58c97-lm9q5
2026-05-03 22:06:05,memory_usage_bytes,208158720.0,adservice-84ccb58c97-lm9q5
2026-05-03 22:06:10,memory_usage_bytes,207917056.0,adservice-84ccb58c97-lm9q5
2026-05-03 22:06:15,memory_usage_bytes,207904768.0,adservice-84ccb58c97-lm9q5
2026-05-03 22:06:20,memory_usage_bytes,207908864.0,adservice-84ccb58c97-lm9q5
2026-05-03 22:06:25,memory_usage_bytes,207908864.0,adservice-84ccb58c97-lm9q5
2026-05-03 22:06:30,memory_usage_bytes,207908864.0,adservice-84ccb58c97-lm9q5
2026-05-03 22:06:35,memory_usage_bytes,208035840.0,adservice-84ccb58c97-lm9q5
2026-05-03 22:06:40,memory_usage_bytes,208035840.0,adservice-84ccb58c97-lm9q5
2026-05-03 22:06:45,memory_usage_bytes,208171008.0,adservice-84ccb58c97-lm9q5
2026-05-03 22:06:50,memory_usage_bytes,208171008.0,adservice-84ccb58c97-lm9q5
2026-05-03 22:06:55,memory_usage_bytes,208171008.0,adservice-84ccb58c97-lm9q5
2026-05-03 22:07:00,memory_usage_bytes,208474112.0,adservice-84ccb58c97-lm9q5
2026-05-03 22:07:05,memory_usage_bytes,208474112.0,adservice-84ccb58c97-lm9q5
2026-05-03 22:07:10,memory_usage_bytes,208506880.0,adservice-84ccb58c97-lm9q5
2026-05-03 22:07:15,memory_usage_bytes,208539648.0,adservice-84ccb58c97-lm9q5
2026-05-03 22:07:20,memory_usage_bytes,208539648.0,adservice-84ccb58c97-lm9q5
2026-05-03 22:07:25,memory_usage_bytes,208539648.0,adservice-84ccb58c97-lm9q5
2026-05-03 22:07:30,memory_usage_bytes,208531456.0,adservice-84ccb58c97-lm9q5
2026-05-03 22:07:35,memory_usage_bytes,208531456.0,adservice-84ccb58c97-lm9q5
2026-05-03 22:07:40,memory_usage_bytes,208691200.0,adservice-84ccb58c97-lm9q5
2026-05-03 22:07:45,memory_usage_bytes,208846848.0,adservice-84ccb58c97-lm9q5
2026-05-03 22:07:50,memory_usage_bytes,208846848.0,adservice-84ccb58c97-lm9q5
2026-05-03 22:07:55,memory_usage_bytes,208846848.0,adservice-84ccb58c97-lm9q5
2026-05-03 22:08:00,memory_usage_bytes,208867328.0,adservice-84ccb58c97-lm9q5
2026-05-03 22:08:05,memory_usage_bytes,209027072.0,adservice-84ccb58c97-lm9q5
2026-05-03 22:08:10,memory_usage_bytes,209162240.0,adservice-84ccb58c97-lm9q5
2026-05-03 22:08:15,memory_usage_bytes,209162240.0,adservice-84ccb58c97-lm9q5
2026-05-03 22:08:20,memory_usage_bytes,209162240.0,adservice-84ccb58c97-lm9q5
2026-05-03 22:08:25,memory_usage_bytes,209174528.0,adservice-84ccb58c97-lm9q5
2026-05-03 22:08:30,memory_usage_bytes,209174528.0,adservice-84ccb58c97-lm9q5
2026-05-03 22:08:35,memory_usage_bytes,209174528.0,adservice-84ccb58c97-lm9q5
2026-05-03 22:08:40,memory_usage_bytes,209174528.0,adservice-84ccb58c97-lm9q5
2026-05-03 22:01:40,memory_usage_bytes,141651968.0,cartservice-6cfb455ff8-sndcs
2026-05-03 22:01:45,memory_usage_bytes,141651968.0,cartservice-6cfb455ff8-sndcs
2026-05-03 22:01:50,memory_usage_bytes,141680640.0,cartservice-6cfb455ff8-sndcs
2026-05-03 22:01:55,memory_usage_bytes,141770752.0,cartservice-6cfb455ff8-sndcs
2026-05-03 22:02:00,memory_usage_bytes,141770752.0,cartservice-6cfb455ff8-sndcs
2026-05-03 22:02:05,memory_usage_bytes,141848576.0,cartservice-6cfb455ff8-sndcs
2026-05-03 22:02:10,memory_usage_bytes,141848576.0,cartservice-6cfb455ff8-sndcs
2026-05-03 22:02:15,memory_usage_bytes,141836288.0,cartservice-6cfb455ff8-sndcs
2026-05-03 22:02:20,memory_usage_bytes,141836288.0,cartservice-6cfb455ff8-sndcs
2026-05-03 22:02:25,memory_usage_bytes,142028800.0,cartservice-6cfb455ff8-sndcs
2026-05-03 22:02:30,memory_usage_bytes,142028800.0,cartservice-6cfb455ff8-sndcs
2026-05-03 22:02:35,memory_usage_bytes,142233600.0,cartservice-6cfb455ff8-sndcs
2026-05-03 22:02:40,memory_usage_bytes,141873152.0,cartservice-6cfb455ff8-sndcs
2026-05-03 22:02:45,memory_usage_bytes,141873152.0,cartservice-6cfb455ff8-sndcs
2026-05-03 22:02:50,memory_usage_bytes,141873152.0,cartservice-6cfb455ff8-sndcs
2026-05-03 22:02:55,memory_usage_bytes,141447168.0,cartservice-6cfb455ff8-sndcs
2026-05-03 22:03:00,memory_usage_bytes,141344768.0,cartservice-6cfb455ff8-sndcs
2026-05-03 22:03:05,memory_usage_bytes,141344768.0,cartservice-6cfb455ff8-sndcs
2026-05-03 22:03:10,memory_usage_bytes,141344768.0,cartservice-6cfb455ff8-sndcs
2026-05-03 22:03:15,memory_usage_bytes,141479936.0,cartservice-6cfb455ff8-sndcs
2026-05-03 22:03:20,memory_usage_bytes,141479936.0,cartservice-6cfb455ff8-sndcs
2026-05-03 22:03:25,memory_usage_bytes,141447168.0,cartservice-6cfb455ff8-sndcs
2026-05-03 22:03:30,memory_usage_bytes,141447168.0,cartservice-6cfb455ff8-sndcs
2026-05-03 22:03:35,memory_usage_bytes,141418496.0,cartservice-6cfb455ff8-sndcs
2026-05-03 22:03:40,memory_usage_bytes,141496320.0,cartservice-6cfb455ff8-sndcs
2026-05-03 22:03:45,memory_usage_bytes,141496320.0,cartservice-6cfb455ff8-sndcs
2026-05-03 22:03:50,memory_usage_bytes,141574144.0,cartservice-6cfb455ff8-sndcs
2026-05-03 22:03:55,memory_usage_bytes,141578240.0,cartservice-6cfb455ff8-sndcs
2026-05-03 22:04:00,memory_usage_bytes,141578240.0,cartservice-6cfb455ff8-sndcs
2026-05-03 22:04:05,memory_usage_bytes,141590528.0,cartservice-6cfb455ff8-sndcs
2026-05-03 22:04:10,memory_usage_bytes,141590528.0,cartservice-6cfb455ff8-sndcs
2026-05-03 22:04:15,memory_usage_bytes,141606912.0,cartservice-6cfb455ff8-sndcs
2026-05-03 22:04:20,memory_usage_bytes,141811712.0,cartservice-6cfb455ff8-sndcs
2026-05-03 22:04:25,memory_usage_bytes,141811712.0,cartservice-6cfb455ff8-sndcs
2026-05-03 22:04:30,memory_usage_bytes,141533184.0,cartservice-6cfb455ff8-sndcs
2026-05-03 22:04:35,memory_usage_bytes,141070336.0,cartservice-6cfb455ff8-sndcs
2026-05-03 22:04:40,memory_usage_bytes,141070336.0,cartservice-6cfb455ff8-sndcs
2026-05-03 22:04:45,memory_usage_bytes,141070336.0,cartservice-6cfb455ff8-sndcs
2026-05-03 22:04:50,memory_usage_bytes,141070336.0,cartservice-6cfb455ff8-sndcs
2026-05-03 22:04:55,memory_usage_bytes,141242368.0,cartservice-6cfb455ff8-sndcs
2026-05-03 22:05:00,memory_usage_bytes,141578240.0,cartservice-6cfb455ff8-sndcs
2026-05-03 22:05:05,memory_usage_bytes,141578240.0,cartservice-6cfb455ff8-sndcs
2026-05-03 22:05:10,memory_usage_bytes,141750272.0,cartservice-6cfb455ff8-sndcs
2026-05-03 22:05:15,memory_usage_bytes,141705216.0,cartservice-6cfb455ff8-sndcs
2026-05-03 22:05:20,memory_usage_bytes,141705216.0,cartservice-6cfb455ff8-sndcs
2026-05-03 22:05:25,memory_usage_bytes,141570048.0,cartservice-6cfb455ff8-sndcs
2026-05-03 22:05:30,memory_usage_bytes,141570048.0,cartservice-6cfb455ff8-sndcs
2026-05-03 22:05:35,memory_usage_bytes,141504512.0,cartservice-6cfb455ff8-sndcs
2026-05-03 22:05:40,memory_usage_bytes,141512704.0,cartservice-6cfb455ff8-sndcs
2026-05-03 22:05:45,memory_usage_bytes,141512704.0,cartservice-6cfb455ff8-sndcs
2026-05-03 22:05:50,memory_usage_bytes,141332480.0,cartservice-6cfb455ff8-sndcs
2026-05-03 22:05:55,memory_usage_bytes,141332480.0,cartservice-6cfb455ff8-sndcs
2026-05-03 22:06:00,memory_usage_bytes,141332480.0,cartservice-6cfb455ff8-sndcs
2026-05-03 22:06:05,memory_usage_bytes,141332480.0,cartservice-6cfb455ff8-sndcs
2026-05-03 22:06:10,memory_usage_bytes,141139968.0,cartservice-6cfb455ff8-sndcs
2026-05-03 22:06:15,memory_usage_bytes,141139968.0,cartservice-6cfb455ff8-sndcs
2026-05-03 22:06:20,memory_usage_bytes,141139968.0,cartservice-6cfb455ff8-sndcs
2026-05-03 22:06:25,memory_usage_bytes,141279232.0,cartservice-6cfb455ff8-sndcs
2026-05-03 22:06:30,memory_usage_bytes,141492224.0,cartservice-6cfb455ff8-sndcs
2026-05-03 22:06:35,memory_usage_bytes,141492224.0,cartservice-6cfb455ff8-sndcs
2026-05-03 22:06:40,memory_usage_bytes,141811712.0,cartservice-6cfb455ff8-sndcs
2026-05-03 22:06:45,memory_usage_bytes,142086144.0,cartservice-6cfb455ff8-sndcs
2026-05-03 22:06:50,memory_usage_bytes,141844480.0,cartservice-6cfb455ff8-sndcs
2026-05-03 22:06:55,memory_usage_bytes,141586432.0,cartservice-6cfb455ff8-sndcs
2026-05-03 22:07:00,memory_usage_bytes,141586432.0,cartservice-6cfb455ff8-sndcs
2026-05-03 22:07:05,memory_usage_bytes,141586432.0,cartservice-6cfb455ff8-sndcs
2026-05-03 22:07:10,memory_usage_bytes,141590528.0,cartservice-6cfb455ff8-sndcs
2026-05-03 22:07:15,memory_usage_bytes,141590528.0,cartservice-6cfb455ff8-sndcs
2026-05-03 22:07:20,memory_usage_bytes,141590528.0,cartservice-6cfb455ff8-sndcs
2026-05-03 22:07:25,memory_usage_bytes,141590528.0,cartservice-6cfb455ff8-sndcs
2026-05-03 22:07:30,memory_usage_bytes,141729792.0,cartservice-6cfb455ff8-sndcs
2026-05-03 22:07:35,memory_usage_bytes,141729792.0,cartservice-6cfb455ff8-sndcs
2026-05-03 22:07:40,memory_usage_bytes,141729792.0,cartservice-6cfb455ff8-sndcs
2026-05-03 22:07:45,memory_usage_bytes,141737984.0,cartservice-6cfb455ff8-sndcs
2026-05-03 22:07:50,memory_usage_bytes,141737984.0,cartservice-6cfb455ff8-sndcs
2026-05-03 22:07:55,memory_usage_bytes,142000128.0,cartservice-6cfb455ff8-sndcs
2026-05-03 22:08:00,memory_usage_bytes,142000128.0,cartservice-6cfb455ff8-sndcs
2026-05-03 22:08:05,memory_usage_bytes,142000128.0,cartservice-6cfb455ff8-sndcs
2026-05-03 22:08:10,memory_usage_bytes,141684736.0,cartservice-6cfb455ff8-sndcs
2026-05-03 22:08:15,memory_usage_bytes,141684736.0,cartservice-6cfb455ff8-sndcs
2026-05-03 22:08:20,memory_usage_bytes,141684736.0,cartservice-6cfb455ff8-sndcs
2026-05-03 22:08:25,memory_usage_bytes,141053952.0,cartservice-6cfb455ff8-sndcs
2026-05-03 22:08:30,memory_usage_bytes,141053952.0,cartservice-6cfb455ff8-sndcs
2026-05-03 22:08:35,memory_usage_bytes,141053952.0,cartservice-6cfb455ff8-sndcs
2026-05-03 22:08:40,memory_usage_bytes,141053952.0,cartservice-6cfb455ff8-sndcs
2026-05-03 22:01:40,memory_usage_bytes,19976192.0,checkoutservice-56f88bc97c-cnl8k
2026-05-03 22:01:45,memory_usage_bytes,19976192.0,checkoutservice-56f88bc97c-cnl8k
2026-05-03 22:01:50,memory_usage_bytes,19976192.0,checkoutservice-56f88bc97c-cnl8k
2026-05-03 22:01:55,memory_usage_bytes,19972096.0,checkoutservice-56f88bc97c-cnl8k
2026-05-03 22:02:00,memory_usage_bytes,19648512.0,checkoutservice-56f88bc97c-cnl8k
2026-05-03 22:02:05,memory_usage_bytes,19329024.0,checkoutservice-56f88bc97c-cnl8k
2026-05-03 22:02:10,memory_usage_bytes,19329024.0,checkoutservice-56f88bc97c-cnl8k
2026-05-03 22:02:15,memory_usage_bytes,19329024.0,checkoutservice-56f88bc97c-cnl8k
2026-05-03 22:02:20,memory_usage_bytes,19337216.0,checkoutservice-56f88bc97c-cnl8k
2026-05-03 22:02:25,memory_usage_bytes,19337216.0,checkoutservice-56f88bc97c-cnl8k
2026-05-03 22:02:30,memory_usage_bytes,19202048.0,checkoutservice-56f88bc97c-cnl8k
2026-05-03 22:02:35,memory_usage_bytes,19070976.0,checkoutservice-56f88bc97c-cnl8k
2026-05-03 22:02:40,memory_usage_bytes,19070976.0,checkoutservice-56f88bc97c-cnl8k
2026-05-03 22:02:45,memory_usage_bytes,19070976.0,checkoutservice-56f88bc97c-cnl8k
2026-05-03 22:02:50,memory_usage_bytes,19075072.0,checkoutservice-56f88bc97c-cnl8k
2026-05-03 22:02:55,memory_usage_bytes,19075072.0,checkoutservice-56f88bc97c-cnl8k
2026-05-03 22:03:00,memory_usage_bytes,19075072.0,checkoutservice-56f88bc97c-cnl8k
2026-05-03 22:03:05,memory_usage_bytes,19079168.0,checkoutservice-56f88bc97c-cnl8k
2026-05-03 22:03:10,memory_usage_bytes,19079168.0,checkoutservice-56f88bc97c-cnl8k
2026-05-03 22:03:15,memory_usage_bytes,19079168.0,checkoutservice-56f88bc97c-cnl8k
2026-05-03 22:03:20,memory_usage_bytes,19079168.0,checkoutservice-56f88bc97c-cnl8k
2026-05-03 22:03:25,memory_usage_bytes,19079168.0,checkoutservice-56f88bc97c-cnl8k
2026-05-03 22:03:30,memory_usage_bytes,19079168.0,checkoutservice-56f88bc97c-cnl8k
2026-05-03 22:03:35,memory_usage_bytes,19079168.0,checkoutservice-56f88bc97c-cnl8k
2026-05-03 22:03:40,memory_usage_bytes,19075072.0,checkoutservice-56f88bc97c-cnl8k
2026-05-03 22:03:45,memory_usage_bytes,19075072.0,checkoutservice-56f88bc97c-cnl8k
2026-05-03 22:03:50,memory_usage_bytes,19075072.0,checkoutservice-56f88bc97c-cnl8k
2026-05-03 22:03:55,memory_usage_bytes,19087360.0,checkoutservice-56f88bc97c-cnl8k
2026-05-03 22:04:00,memory_usage_bytes,19087360.0,checkoutservice-56f88bc97c-cnl8k
2026-05-03 22:04:05,memory_usage_bytes,19087360.0,checkoutservice-56f88bc97c-cnl8k
2026-05-03 22:04:10,memory_usage_bytes,19140608.0,checkoutservice-56f88bc97c-cnl8k
2026-05-03 22:04:15,memory_usage_bytes,19345408.0,checkoutservice-56f88bc97c-cnl8k
2026-05-03 22:04:20,memory_usage_bytes,19345408.0,checkoutservice-56f88bc97c-cnl8k
2026-05-03 22:04:25,memory_usage_bytes,19345408.0,checkoutservice-56f88bc97c-cnl8k
2026-05-03 22:04:30,memory_usage_bytes,19415040.0,checkoutservice-56f88bc97c-cnl8k
2026-05-03 22:04:35,memory_usage_bytes,19349504.0,checkoutservice-56f88bc97c-cnl8k
2026-05-03 22:04:40,memory_usage_bytes,19357696.0,checkoutservice-56f88bc97c-cnl8k
2026-05-03 22:04:45,memory_usage_bytes,19357696.0,checkoutservice-56f88bc97c-cnl8k
2026-05-03 22:04:50,memory_usage_bytes,19300352.0,checkoutservice-56f88bc97c-cnl8k
2026-05-03 22:04:55,memory_usage_bytes,19300352.0,checkoutservice-56f88bc97c-cnl8k
2026-05-03 22:05:00,memory_usage_bytes,19238912.0,checkoutservice-56f88bc97c-cnl8k
2026-05-03 22:05:05,memory_usage_bytes,19243008.0,checkoutservice-56f88bc97c-cnl8k
2026-05-03 22:05:10,memory_usage_bytes,19247104.0,checkoutservice-56f88bc97c-cnl8k
2026-05-03 22:05:15,memory_usage_bytes,19300352.0,checkoutservice-56f88bc97c-cnl8k
2026-05-03 22:05:20,memory_usage_bytes,19300352.0,checkoutservice-56f88bc97c-cnl8k
2026-05-03 22:05:25,memory_usage_bytes,19243008.0,checkoutservice-56f88bc97c-cnl8k
2026-05-03 22:05:30,memory_usage_bytes,19656704.0,checkoutservice-56f88bc97c-cnl8k
2026-05-03 22:05:35,memory_usage_bytes,19656704.0,checkoutservice-56f88bc97c-cnl8k
2026-05-03 22:05:40,memory_usage_bytes,19652608.0,checkoutservice-56f88bc97c-cnl8k
2026-05-03 22:05:45,memory_usage_bytes,19165184.0,checkoutservice-56f88bc97c-cnl8k
2026-05-03 22:05:50,memory_usage_bytes,19165184.0,checkoutservice-56f88bc97c-cnl8k
2026-05-03 22:05:55,memory_usage_bytes,19226624.0,checkoutservice-56f88bc97c-cnl8k
2026-05-03 22:06:00,memory_usage_bytes,19247104.0,checkoutservice-56f88bc97c-cnl8k
2026-05-03 22:06:05,memory_usage_bytes,19247104.0,checkoutservice-56f88bc97c-cnl8k
2026-05-03 22:06:10,memory_usage_bytes,19247104.0,checkoutservice-56f88bc97c-cnl8k
2026-05-03 22:06:15,memory_usage_bytes,19247104.0,checkoutservice-56f88bc97c-cnl8k
2026-05-03 22:06:20,memory_usage_bytes,19247104.0,checkoutservice-56f88bc97c-cnl8k
2026-05-03 22:06:25,memory_usage_bytes,19308544.0,checkoutservice-56f88bc97c-cnl8k
2026-05-03 22:06:30,memory_usage_bytes,19369984.0,checkoutservice-56f88bc97c-cnl8k
2026-05-03 22:06:35,memory_usage_bytes,19369984.0,checkoutservice-56f88bc97c-cnl8k
2026-05-03 22:06:40,memory_usage_bytes,19374080.0,checkoutservice-56f88bc97c-cnl8k
2026-05-03 22:06:45,memory_usage_bytes,19378176.0,checkoutservice-56f88bc97c-cnl8k
2026-05-03 22:06:50,memory_usage_bytes,19378176.0,checkoutservice-56f88bc97c-cnl8k
2026-05-03 22:06:55,memory_usage_bytes,19378176.0,checkoutservice-56f88bc97c-cnl8k
2026-05-03 22:07:00,memory_usage_bytes,19259392.0,checkoutservice-56f88bc97c-cnl8k
2026-05-03 22:07:05,memory_usage_bytes,19136512.0,checkoutservice-56f88bc97c-cnl8k
2026-05-03 22:07:10,memory_usage_bytes,19402752.0,checkoutservice-56f88bc97c-cnl8k
2026-05-03 22:07:15,memory_usage_bytes,19402752.0,checkoutservice-56f88bc97c-cnl8k
2026-05-03 22:07:20,memory_usage_bytes,19787776.0,checkoutservice-56f88bc97c-cnl8k
2026-05-03 22:07:25,memory_usage_bytes,19787776.0,checkoutservice-56f88bc97c-cnl8k
2026-05-03 22:07:30,memory_usage_bytes,19918848.0,checkoutservice-56f88bc97c-cnl8k
2026-05-03 22:07:35,memory_usage_bytes,19918848.0,checkoutservice-56f88bc97c-cnl8k
2026-05-03 22:07:40,memory_usage_bytes,19918848.0,checkoutservice-56f88bc97c-cnl8k
2026-05-03 22:07:45,memory_usage_bytes,19419136.0,checkoutservice-56f88bc97c-cnl8k
2026-05-03 22:07:50,memory_usage_bytes,19419136.0,checkoutservice-56f88bc97c-cnl8k
2026-05-03 22:07:55,memory_usage_bytes,19419136.0,checkoutservice-56f88bc97c-cnl8k
2026-05-03 22:08:00,memory_usage_bytes,19419136.0,checkoutservice-56f88bc97c-cnl8k
2026-05-03 22:08:05,memory_usage_bytes,19152896.0,checkoutservice-56f88bc97c-cnl8k
2026-05-03 22:08:10,memory_usage_bytes,19152896.0,checkoutservice-56f88bc97c-cnl8k
2026-05-03 22:08:15,memory_usage_bytes,19152896.0,checkoutservice-56f88bc97c-cnl8k
2026-05-03 22:08:20,memory_usage_bytes,19156992.0,checkoutservice-56f88bc97c-cnl8k
2026-05-03 22:08:25,memory_usage_bytes,19152896.0,checkoutservice-56f88bc97c-cnl8k
2026-05-03 22:08:30,memory_usage_bytes,19279872.0,checkoutservice-56f88bc97c-cnl8k
2026-05-03 22:08:35,memory_usage_bytes,19279872.0,checkoutservice-56f88bc97c-cnl8k
2026-05-03 22:08:40,memory_usage_bytes,19279872.0,checkoutservice-56f88bc97c-cnl8k
2026-05-03 22:01:40,memory_usage_bytes,76771328.0,currencyservice-79fbcf8db9-nzfxl
2026-05-03 22:01:45,memory_usage_bytes,76812288.0,currencyservice-79fbcf8db9-nzfxl
2026-05-03 22:01:50,memory_usage_bytes,76705792.0,currencyservice-79fbcf8db9-nzfxl
2026-05-03 22:01:55,memory_usage_bytes,76705792.0,currencyservice-79fbcf8db9-nzfxl
2026-05-03 22:02:00,memory_usage_bytes,76734464.0,currencyservice-79fbcf8db9-nzfxl
2026-05-03 22:02:05,memory_usage_bytes,76734464.0,currencyservice-79fbcf8db9-nzfxl
2026-05-03 22:02:10,memory_usage_bytes,76734464.0,currencyservice-79fbcf8db9-nzfxl
2026-05-03 22:02:15,memory_usage_bytes,76734464.0,currencyservice-79fbcf8db9-nzfxl
2026-05-03 22:02:20,memory_usage_bytes,76726272.0,currencyservice-79fbcf8db9-nzfxl
2026-05-03 22:02:25,memory_usage_bytes,76726272.0,currencyservice-79fbcf8db9-nzfxl
2026-05-03 22:02:30,memory_usage_bytes,76726272.0,currencyservice-79fbcf8db9-nzfxl
2026-05-03 22:02:35,memory_usage_bytes,76808192.0,currencyservice-79fbcf8db9-nzfxl
2026-05-03 22:02:40,memory_usage_bytes,76808192.0,currencyservice-79fbcf8db9-nzfxl
2026-05-03 22:02:45,memory_usage_bytes,76808192.0,currencyservice-79fbcf8db9-nzfxl
2026-05-03 22:02:50,memory_usage_bytes,76709888.0,currencyservice-79fbcf8db9-nzfxl
2026-05-03 22:02:55,memory_usage_bytes,76619776.0,currencyservice-79fbcf8db9-nzfxl
2026-05-03 22:03:00,memory_usage_bytes,76619776.0,currencyservice-79fbcf8db9-nzfxl
2026-05-03 22:03:05,memory_usage_bytes,76619776.0,currencyservice-79fbcf8db9-nzfxl
2026-05-03 22:03:10,memory_usage_bytes,76787712.0,currencyservice-79fbcf8db9-nzfxl
2026-05-03 22:03:15,memory_usage_bytes,76787712.0,currencyservice-79fbcf8db9-nzfxl
2026-05-03 22:03:20,memory_usage_bytes,76701696.0,currencyservice-79fbcf8db9-nzfxl
2026-05-03 22:03:25,memory_usage_bytes,76701696.0,currencyservice-79fbcf8db9-nzfxl
2026-05-03 22:03:30,memory_usage_bytes,76701696.0,currencyservice-79fbcf8db9-nzfxl
2026-05-03 22:03:35,memory_usage_bytes,76701696.0,currencyservice-79fbcf8db9-nzfxl
2026-05-03 22:03:40,memory_usage_bytes,76763136.0,currencyservice-79fbcf8db9-nzfxl
2026-05-03 22:03:45,memory_usage_bytes,76763136.0,currencyservice-79fbcf8db9-nzfxl
2026-05-03 22:03:50,memory_usage_bytes,76763136.0,currencyservice-79fbcf8db9-nzfxl
2026-05-03 22:03:55,memory_usage_bytes,76906496.0,currencyservice-79fbcf8db9-nzfxl
2026-05-03 22:04:00,memory_usage_bytes,76906496.0,currencyservice-79fbcf8db9-nzfxl
2026-05-03 22:04:05,memory_usage_bytes,76906496.0,currencyservice-79fbcf8db9-nzfxl
2026-05-03 22:04:10,memory_usage_bytes,77127680.0,currencyservice-79fbcf8db9-nzfxl
2026-05-03 22:04:15,memory_usage_bytes,77426688.0,currencyservice-79fbcf8db9-nzfxl
2026-05-03 22:04:20,memory_usage_bytes,77426688.0,currencyservice-79fbcf8db9-nzfxl
2026-05-03 22:04:25,memory_usage_bytes,77426688.0,currencyservice-79fbcf8db9-nzfxl
2026-05-03 22:04:30,memory_usage_bytes,77225984.0,currencyservice-79fbcf8db9-nzfxl
2026-05-03 22:04:35,memory_usage_bytes,76775424.0,currencyservice-79fbcf8db9-nzfxl
2026-05-03 22:04:40,memory_usage_bytes,76775424.0,currencyservice-79fbcf8db9-nzfxl
2026-05-03 22:04:45,memory_usage_bytes,76955648.0,currencyservice-79fbcf8db9-nzfxl
2026-05-03 22:04:50,memory_usage_bytes,76955648.0,currencyservice-79fbcf8db9-nzfxl
2026-05-03 22:04:55,memory_usage_bytes,76955648.0,currencyservice-79fbcf8db9-nzfxl
2026-05-03 22:05:00,memory_usage_bytes,76877824.0,currencyservice-79fbcf8db9-nzfxl
2026-05-03 22:05:05,memory_usage_bytes,76894208.0,currencyservice-79fbcf8db9-nzfxl
2026-05-03 22:05:10,memory_usage_bytes,76775424.0,currencyservice-79fbcf8db9-nzfxl
2026-05-03 22:05:15,memory_usage_bytes,76775424.0,currencyservice-79fbcf8db9-nzfxl
2026-05-03 22:05:20,memory_usage_bytes,76775424.0,currencyservice-79fbcf8db9-nzfxl
2026-05-03 22:05:25,memory_usage_bytes,76959744.0,currencyservice-79fbcf8db9-nzfxl
2026-05-03 22:05:30,memory_usage_bytes,76959744.0,currencyservice-79fbcf8db9-nzfxl
2026-05-03 22:05:35,memory_usage_bytes,76959744.0,currencyservice-79fbcf8db9-nzfxl
2026-05-03 22:05:40,memory_usage_bytes,76922880.0,currencyservice-79fbcf8db9-nzfxl
2026-05-03 22:05:45,memory_usage_bytes,76922880.0,currencyservice-79fbcf8db9-nzfxl
2026-05-03 22:05:50,memory_usage_bytes,76922880.0,currencyservice-79fbcf8db9-nzfxl
2026-05-03 22:05:55,memory_usage_bytes,76718080.0,currencyservice-79fbcf8db9-nzfxl
2026-05-03 22:06:00,memory_usage_bytes,76718080.0,currencyservice-79fbcf8db9-nzfxl
2026-05-03 22:06:05,memory_usage_bytes,76718080.0,currencyservice-79fbcf8db9-nzfxl
2026-05-03 22:06:10,memory_usage_bytes,77070336.0,currencyservice-79fbcf8db9-nzfxl
2026-05-03 22:06:15,memory_usage_bytes,77070336.0,currencyservice-79fbcf8db9-nzfxl
2026-05-03 22:06:20,memory_usage_bytes,77070336.0,currencyservice-79fbcf8db9-nzfxl
2026-05-03 22:06:25,memory_usage_bytes,76951552.0,currencyservice-79fbcf8db9-nzfxl
2026-05-03 22:06:30,memory_usage_bytes,76951552.0,currencyservice-79fbcf8db9-nzfxl
2026-05-03 22:06:35,memory_usage_bytes,76685312.0,currencyservice-79fbcf8db9-nzfxl
2026-05-03 22:06:40,memory_usage_bytes,76685312.0,currencyservice-79fbcf8db9-nzfxl
2026-05-03 22:06:45,memory_usage_bytes,77021184.0,currencyservice-79fbcf8db9-nzfxl
2026-05-03 22:06:50,memory_usage_bytes,77021184.0,currencyservice-79fbcf8db9-nzfxl
2026-05-03 22:06:55,memory_usage_bytes,77676544.0,currencyservice-79fbcf8db9-nzfxl
2026-05-03 22:07:00,memory_usage_bytes,77676544.0,currencyservice-79fbcf8db9-nzfxl
2026-05-03 22:07:05,memory_usage_bytes,77676544.0,currencyservice-79fbcf8db9-nzfxl
2026-05-03 22:07:10,memory_usage_bytes,77422592.0,currencyservice-79fbcf8db9-nzfxl
2026-05-03 22:07:15,memory_usage_bytes,77139968.0,currencyservice-79fbcf8db9-nzfxl
2026-05-03 22:07:20,memory_usage_bytes,77217792.0,currencyservice-79fbcf8db9-nzfxl
2026-05-03 22:07:25,memory_usage_bytes,77217792.0,currencyservice-79fbcf8db9-nzfxl
2026-05-03 22:07:30,memory_usage_bytes,77217792.0,currencyservice-79fbcf8db9-nzfxl
2026-05-03 22:07:35,memory_usage_bytes,77217792.0,currencyservice-79fbcf8db9-nzfxl
2026-05-03 22:07:40,memory_usage_bytes,77307904.0,currencyservice-79fbcf8db9-nzfxl
2026-05-03 22:07:45,memory_usage_bytes,77307904.0,currencyservice-79fbcf8db9-nzfxl
2026-05-03 22:07:50,memory_usage_bytes,77221888.0,currencyservice-79fbcf8db9-nzfxl
2026-05-03 22:07:55,memory_usage_bytes,77221888.0,currencyservice-79fbcf8db9-nzfxl
2026-05-03 22:08:00,memory_usage_bytes,77266944.0,currencyservice-79fbcf8db9-nzfxl
2026-05-03 22:08:05,memory_usage_bytes,77328384.0,currencyservice-79fbcf8db9-nzfxl
2026-05-03 22:08:10,memory_usage_bytes,77328384.0,currencyservice-79fbcf8db9-nzfxl
2026-05-03 22:08:15,memory_usage_bytes,77402112.0,currencyservice-79fbcf8db9-nzfxl
2026-05-03 22:08:20,memory_usage_bytes,77443072.0,currencyservice-79fbcf8db9-nzfxl
2026-05-03 22:08:25,memory_usage_bytes,77443072.0,currencyservice-79fbcf8db9-nzfxl
2026-05-03 22:08:30,memory_usage_bytes,77369344.0,currencyservice-79fbcf8db9-nzfxl
2026-05-03 22:08:35,memory_usage_bytes,77332480.0,currencyservice-79fbcf8db9-nzfxl
2026-05-03 22:08:40,memory_usage_bytes,77332480.0,currencyservice-79fbcf8db9-nzfxl
2026-05-03 22:01:40,memory_usage_bytes,76615680.0,emailservice-56cb4bdbf5-wsqfx
2026-05-03 22:01:45,memory_usage_bytes,76615680.0,emailservice-56cb4bdbf5-wsqfx
2026-05-03 22:01:50,memory_usage_bytes,76615680.0,emailservice-56cb4bdbf5-wsqfx
2026-05-03 22:01:55,memory_usage_bytes,76619776.0,emailservice-56cb4bdbf5-wsqfx
2026-05-03 22:02:00,memory_usage_bytes,76619776.0,emailservice-56cb4bdbf5-wsqfx
2026-05-03 22:02:05,memory_usage_bytes,76619776.0,emailservice-56cb4bdbf5-wsqfx
2026-05-03 22:02:10,memory_usage_bytes,76623872.0,emailservice-56cb4bdbf5-wsqfx
2026-05-03 22:02:15,memory_usage_bytes,76582912.0,emailservice-56cb4bdbf5-wsqfx
2026-05-03 22:02:20,memory_usage_bytes,76582912.0,emailservice-56cb4bdbf5-wsqfx
2026-05-03 22:02:25,memory_usage_bytes,76582912.0,emailservice-56cb4bdbf5-wsqfx
2026-05-03 22:02:30,memory_usage_bytes,76595200.0,emailservice-56cb4bdbf5-wsqfx
2026-05-03 22:02:35,memory_usage_bytes,76644352.0,emailservice-56cb4bdbf5-wsqfx
2026-05-03 22:02:40,memory_usage_bytes,76644352.0,emailservice-56cb4bdbf5-wsqfx
2026-05-03 22:02:45,memory_usage_bytes,76644352.0,emailservice-56cb4bdbf5-wsqfx
2026-05-03 22:02:50,memory_usage_bytes,76644352.0,emailservice-56cb4bdbf5-wsqfx
2026-05-03 22:02:55,memory_usage_bytes,76644352.0,emailservice-56cb4bdbf5-wsqfx
2026-05-03 22:03:00,memory_usage_bytes,76644352.0,emailservice-56cb4bdbf5-wsqfx
2026-05-03 22:03:05,memory_usage_bytes,76632064.0,emailservice-56cb4bdbf5-wsqfx
2026-05-03 22:03:10,memory_usage_bytes,76623872.0,emailservice-56cb4bdbf5-wsqfx
2026-05-03 22:03:15,memory_usage_bytes,76623872.0,emailservice-56cb4bdbf5-wsqfx
2026-05-03 22:03:20,memory_usage_bytes,76627968.0,emailservice-56cb4bdbf5-wsqfx
2026-05-03 22:03:25,memory_usage_bytes,76627968.0,emailservice-56cb4bdbf5-wsqfx
2026-05-03 22:03:30,memory_usage_bytes,76627968.0,emailservice-56cb4bdbf5-wsqfx
2026-05-03 22:03:35,memory_usage_bytes,76632064.0,emailservice-56cb4bdbf5-wsqfx
2026-05-03 22:03:40,memory_usage_bytes,76632064.0,emailservice-56cb4bdbf5-wsqfx
2026-05-03 22:03:45,memory_usage_bytes,76644352.0,emailservice-56cb4bdbf5-wsqfx
2026-05-03 22:03:50,memory_usage_bytes,76644352.0,emailservice-56cb4bdbf5-wsqfx
2026-05-03 22:03:55,memory_usage_bytes,76648448.0,emailservice-56cb4bdbf5-wsqfx
2026-05-03 22:04:00,memory_usage_bytes,76648448.0,emailservice-56cb4bdbf5-wsqfx
2026-05-03 22:04:05,memory_usage_bytes,76648448.0,emailservice-56cb4bdbf5-wsqfx
2026-05-03 22:04:10,memory_usage_bytes,76648448.0,emailservice-56cb4bdbf5-wsqfx
2026-05-03 22:04:15,memory_usage_bytes,76648448.0,emailservice-56cb4bdbf5-wsqfx
2026-05-03 22:04:20,memory_usage_bytes,76648448.0,emailservice-56cb4bdbf5-wsqfx
2026-05-03 22:04:25,memory_usage_bytes,76615680.0,emailservice-56cb4bdbf5-wsqfx
2026-05-03 22:04:30,memory_usage_bytes,76615680.0,emailservice-56cb4bdbf5-wsqfx
2026-05-03 22:04:35,memory_usage_bytes,76615680.0,emailservice-56cb4bdbf5-wsqfx
2026-05-03 22:04:40,memory_usage_bytes,76615680.0,emailservice-56cb4bdbf5-wsqfx
2026-05-03 22:04:45,memory_usage_bytes,76615680.0,emailservice-56cb4bdbf5-wsqfx
2026-05-03 22:04:50,memory_usage_bytes,76603392.0,emailservice-56cb4bdbf5-wsqfx
2026-05-03 22:04:55,memory_usage_bytes,76857344.0,emailservice-56cb4bdbf5-wsqfx
2026-05-03 22:05:00,memory_usage_bytes,76857344.0,emailservice-56cb4bdbf5-wsqfx
2026-05-03 22:05:05,memory_usage_bytes,76857344.0,emailservice-56cb4bdbf5-wsqfx
2026-05-03 22:05:10,memory_usage_bytes,76623872.0,emailservice-56cb4bdbf5-wsqfx
2026-05-03 22:05:15,memory_usage_bytes,76623872.0,emailservice-56cb4bdbf5-wsqfx
2026-05-03 22:05:20,memory_usage_bytes,76623872.0,emailservice-56cb4bdbf5-wsqfx
2026-05-03 22:05:25,memory_usage_bytes,76599296.0,emailservice-56cb4bdbf5-wsqfx
2026-05-03 22:05:30,memory_usage_bytes,76599296.0,emailservice-56cb4bdbf5-wsqfx
2026-05-03 22:05:35,memory_usage_bytes,76599296.0,emailservice-56cb4bdbf5-wsqfx
2026-05-03 22:05:40,memory_usage_bytes,76607488.0,emailservice-56cb4bdbf5-wsqfx
2026-05-03 22:05:45,memory_usage_bytes,76627968.0,emailservice-56cb4bdbf5-wsqfx
2026-05-03 22:05:50,memory_usage_bytes,76627968.0,emailservice-56cb4bdbf5-wsqfx
2026-05-03 22:05:55,memory_usage_bytes,76591104.0,emailservice-56cb4bdbf5-wsqfx
2026-05-03 22:06:00,memory_usage_bytes,76566528.0,emailservice-56cb4bdbf5-wsqfx
2026-05-03 22:06:05,memory_usage_bytes,76582912.0,emailservice-56cb4bdbf5-wsqfx
2026-05-03 22:06:10,memory_usage_bytes,76582912.0,emailservice-56cb4bdbf5-wsqfx
2026-05-03 22:06:15,memory_usage_bytes,76595200.0,emailservice-56cb4bdbf5-wsqfx
2026-05-03 22:06:20,memory_usage_bytes,76595200.0,emailservice-56cb4bdbf5-wsqfx
2026-05-03 22:06:25,memory_usage_bytes,76591104.0,emailservice-56cb4bdbf5-wsqfx
2026-05-03 22:06:30,memory_usage_bytes,76591104.0,emailservice-56cb4bdbf5-wsqfx
2026-05-03 22:06:35,memory_usage_bytes,76558336.0,emailservice-56cb4bdbf5-wsqfx
2026-05-03 22:06:40,memory_usage_bytes,76558336.0,emailservice-56cb4bdbf5-wsqfx
2026-05-03 22:06:45,memory_usage_bytes,76623872.0,emailservice-56cb4bdbf5-wsqfx
2026-05-03 22:06:50,memory_usage_bytes,76648448.0,emailservice-56cb4bdbf5-wsqfx
2026-05-03 22:06:55,memory_usage_bytes,76648448.0,emailservice-56cb4bdbf5-wsqfx
2026-05-03 22:07:00,memory_usage_bytes,76648448.0,emailservice-56cb4bdbf5-wsqfx
2026-05-03 22:07:05,memory_usage_bytes,76648448.0,emailservice-56cb4bdbf5-wsqfx
2026-05-03 22:07:10,memory_usage_bytes,76648448.0,emailservice-56cb4bdbf5-wsqfx
2026-05-03 22:07:15,memory_usage_bytes,76623872.0,emailservice-56cb4bdbf5-wsqfx
2026-05-03 22:07:20,memory_usage_bytes,76623872.0,emailservice-56cb4bdbf5-wsqfx
2026-05-03 22:07:25,memory_usage_bytes,76603392.0,emailservice-56cb4bdbf5-wsqfx
2026-05-03 22:07:30,memory_usage_bytes,76603392.0,emailservice-56cb4bdbf5-wsqfx
2026-05-03 22:07:35,memory_usage_bytes,76603392.0,emailservice-56cb4bdbf5-wsqfx
2026-05-03 22:07:40,memory_usage_bytes,76603392.0,emailservice-56cb4bdbf5-wsqfx
2026-05-03 22:07:45,memory_usage_bytes,76603392.0,emailservice-56cb4bdbf5-wsqfx
2026-05-03 22:07:50,memory_usage_bytes,76599296.0,emailservice-56cb4bdbf5-wsqfx
2026-05-03 22:07:55,memory_usage_bytes,76599296.0,emailservice-56cb4bdbf5-wsqfx
2026-05-03 22:08:00,memory_usage_bytes,76599296.0,emailservice-56cb4bdbf5-wsqfx
2026-05-03 22:08:05,memory_usage_bytes,76599296.0,emailservice-56cb4bdbf5-wsqfx
2026-05-03 22:08:10,memory_usage_bytes,76623872.0,emailservice-56cb4bdbf5-wsqfx
2026-05-03 22:08:15,memory_usage_bytes,76623872.0,emailservice-56cb4bdbf5-wsqfx
2026-05-03 22:08:20,memory_usage_bytes,76636160.0,emailservice-56cb4bdbf5-wsqfx
2026-05-03 22:08:25,memory_usage_bytes,76652544.0,emailservice-56cb4bdbf5-wsqfx
2026-05-03 22:08:30,memory_usage_bytes,76652544.0,emailservice-56cb4bdbf5-wsqfx
2026-05-03 22:08:35,memory_usage_bytes,76652544.0,emailservice-56cb4bdbf5-wsqfx
2026-05-03 22:08:40,memory_usage_bytes,76652544.0,emailservice-56cb4bdbf5-wsqfx
2026-05-03 22:01:40,memory_usage_bytes,36876288.0,frontend-5876567669-fk7fx
2026-05-03 22:01:45,memory_usage_bytes,36876288.0,frontend-5876567669-fk7fx
2026-05-03 22:01:50,memory_usage_bytes,36876288.0,frontend-5876567669-fk7fx
2026-05-03 22:01:55,memory_usage_bytes,33579008.0,frontend-5876567669-fk7fx
2026-05-03 22:02:00,memory_usage_bytes,29831168.0,frontend-5876567669-fk7fx
2026-05-03 22:02:05,memory_usage_bytes,30240768.0,frontend-5876567669-fk7fx
2026-05-03 22:02:10,memory_usage_bytes,30240768.0,frontend-5876567669-fk7fx
2026-05-03 22:02:15,memory_usage_bytes,30240768.0,frontend-5876567669-fk7fx
2026-05-03 22:02:20,memory_usage_bytes,33329152.0,frontend-5876567669-fk7fx
2026-05-03 22:02:25,memory_usage_bytes,36515840.0,frontend-5876567669-fk7fx
2026-05-03 22:02:30,memory_usage_bytes,38469632.0,frontend-5876567669-fk7fx
2026-05-03 22:02:35,memory_usage_bytes,38469632.0,frontend-5876567669-fk7fx
2026-05-03 22:02:40,memory_usage_bytes,38469632.0,frontend-5876567669-fk7fx
2026-05-03 22:02:45,memory_usage_bytes,41988096.0,frontend-5876567669-fk7fx
2026-05-03 22:02:50,memory_usage_bytes,44707840.0,frontend-5876567669-fk7fx
2026-05-03 22:02:55,memory_usage_bytes,44707840.0,frontend-5876567669-fk7fx
2026-05-03 22:03:00,memory_usage_bytes,47251456.0,frontend-5876567669-fk7fx
2026-05-03 22:03:05,memory_usage_bytes,50163712.0,frontend-5876567669-fk7fx
2026-05-03 22:03:10,memory_usage_bytes,53051392.0,frontend-5876567669-fk7fx
2026-05-03 22:03:15,memory_usage_bytes,55324672.0,frontend-5876567669-fk7fx
2026-05-03 22:03:20,memory_usage_bytes,55324672.0,frontend-5876567669-fk7fx
2026-05-03 22:03:25,memory_usage_bytes,56311808.0,frontend-5876567669-fk7fx
2026-05-03 22:03:30,memory_usage_bytes,59265024.0,frontend-5876567669-fk7fx
2026-05-03 22:03:35,memory_usage_bytes,59265024.0,frontend-5876567669-fk7fx
2026-05-03 22:03:40,memory_usage_bytes,59265024.0,frontend-5876567669-fk7fx
2026-05-03 22:03:45,memory_usage_bytes,60628992.0,frontend-5876567669-fk7fx
2026-05-03 22:03:50,memory_usage_bytes,60628992.0,frontend-5876567669-fk7fx
2026-05-03 22:03:55,memory_usage_bytes,60628992.0,frontend-5876567669-fk7fx
2026-05-03 22:04:00,memory_usage_bytes,63426560.0,frontend-5876567669-fk7fx
2026-05-03 22:04:05,memory_usage_bytes,63426560.0,frontend-5876567669-fk7fx
2026-05-03 22:04:10,memory_usage_bytes,63426560.0,frontend-5876567669-fk7fx
2026-05-03 22:04:15,memory_usage_bytes,61829120.0,frontend-5876567669-fk7fx
2026-05-03 22:04:20,memory_usage_bytes,60370944.0,frontend-5876567669-fk7fx
2026-05-03 22:04:25,memory_usage_bytes,60370944.0,frontend-5876567669-fk7fx
2026-05-03 22:04:30,memory_usage_bytes,59592704.0,frontend-5876567669-fk7fx
2026-05-03 22:04:35,memory_usage_bytes,59158528.0,frontend-5876567669-fk7fx
2026-05-03 22:04:40,memory_usage_bytes,59158528.0,frontend-5876567669-fk7fx
2026-05-03 22:04:45,memory_usage_bytes,60497920.0,frontend-5876567669-fk7fx
2026-05-03 22:04:50,memory_usage_bytes,60497920.0,frontend-5876567669-fk7fx
2026-05-03 22:04:55,memory_usage_bytes,61489152.0,frontend-5876567669-fk7fx
2026-05-03 22:05:00,memory_usage_bytes,60854272.0,frontend-5876567669-fk7fx
2026-05-03 22:05:05,memory_usage_bytes,60502016.0,frontend-5876567669-fk7fx
2026-05-03 22:05:10,memory_usage_bytes,60502016.0,frontend-5876567669-fk7fx
2026-05-03 22:05:15,memory_usage_bytes,60502016.0,frontend-5876567669-fk7fx
2026-05-03 22:05:20,memory_usage_bytes,60338176.0,frontend-5876567669-fk7fx
2026-05-03 22:05:25,memory_usage_bytes,60624896.0,frontend-5876567669-fk7fx
2026-05-03 22:05:30,memory_usage_bytes,60624896.0,frontend-5876567669-fk7fx
2026-05-03 22:05:35,memory_usage_bytes,61087744.0,frontend-5876567669-fk7fx
2026-05-03 22:05:40,memory_usage_bytes,61087744.0,frontend-5876567669-fk7fx
2026-05-03 22:05:45,memory_usage_bytes,61607936.0,frontend-5876567669-fk7fx
2026-05-03 22:05:50,memory_usage_bytes,61607936.0,frontend-5876567669-fk7fx
2026-05-03 22:05:55,memory_usage_bytes,60317696.0,frontend-5876567669-fk7fx
2026-05-03 22:06:00,memory_usage_bytes,60317696.0,frontend-5876567669-fk7fx
2026-05-03 22:06:05,memory_usage_bytes,62263296.0,frontend-5876567669-fk7fx
2026-05-03 22:06:10,memory_usage_bytes,62377984.0,frontend-5876567669-fk7fx
2026-05-03 22:06:15,memory_usage_bytes,61829120.0,frontend-5876567669-fk7fx
2026-05-03 22:06:20,memory_usage_bytes,61829120.0,frontend-5876567669-fk7fx
2026-05-03 22:06:25,memory_usage_bytes,61829120.0,frontend-5876567669-fk7fx
2026-05-03 22:06:30,memory_usage_bytes,60456960.0,frontend-5876567669-fk7fx
2026-05-03 22:06:35,memory_usage_bytes,59678720.0,frontend-5876567669-fk7fx
2026-05-03 22:06:40,memory_usage_bytes,59768832.0,frontend-5876567669-fk7fx
2026-05-03 22:06:45,memory_usage_bytes,62029824.0,frontend-5876567669-fk7fx
2026-05-03 22:06:50,memory_usage_bytes,62029824.0,frontend-5876567669-fk7fx
2026-05-03 22:06:55,memory_usage_bytes,61571072.0,frontend-5876567669-fk7fx
2026-05-03 22:07:00,memory_usage_bytes,60039168.0,frontend-5876567669-fk7fx
2026-05-03 22:07:05,memory_usage_bytes,60039168.0,frontend-5876567669-fk7fx
2026-05-03 22:07:10,memory_usage_bytes,60039168.0,frontend-5876567669-fk7fx
2026-05-03 22:07:15,memory_usage_bytes,61243392.0,frontend-5876567669-fk7fx
2026-05-03 22:07:20,memory_usage_bytes,61243392.0,frontend-5876567669-fk7fx
2026-05-03 22:07:25,memory_usage_bytes,61243392.0,frontend-5876567669-fk7fx
2026-05-03 22:07:30,memory_usage_bytes,60674048.0,frontend-5876567669-fk7fx
2026-05-03 22:07:35,memory_usage_bytes,60674048.0,frontend-5876567669-fk7fx
2026-05-03 22:07:40,memory_usage_bytes,59633664.0,frontend-5876567669-fk7fx
2026-05-03 22:07:45,memory_usage_bytes,59633664.0,frontend-5876567669-fk7fx
2026-05-03 22:07:50,memory_usage_bytes,58707968.0,frontend-5876567669-fk7fx
2026-05-03 22:07:55,memory_usage_bytes,58707968.0,frontend-5876567669-fk7fx
2026-05-03 22:08:00,memory_usage_bytes,58707968.0,frontend-5876567669-fk7fx
2026-05-03 22:08:05,memory_usage_bytes,61448192.0,frontend-5876567669-fk7fx
2026-05-03 22:08:10,memory_usage_bytes,62156800.0,frontend-5876567669-fk7fx
2026-05-03 22:08:15,memory_usage_bytes,61652992.0,frontend-5876567669-fk7fx
2026-05-03 22:08:20,memory_usage_bytes,61652992.0,frontend-5876567669-fk7fx
2026-05-03 22:08:25,memory_usage_bytes,60833792.0,frontend-5876567669-fk7fx
2026-05-03 22:08:30,memory_usage_bytes,60833792.0,frontend-5876567669-fk7fx
2026-05-03 22:08:35,memory_usage_bytes,58867712.0,frontend-5876567669-fk7fx
2026-05-03 22:08:40,memory_usage_bytes,58867712.0,frontend-5876567669-fk7fx
2026-05-03 22:01:40,memory_usage_bytes,44224512.0,istio-gateway-istio-58b4759645-q5b98
2026-05-03 22:01:45,memory_usage_bytes,44224512.0,istio-gateway-istio-58b4759645-q5b98
2026-05-03 22:01:50,memory_usage_bytes,44224512.0,istio-gateway-istio-58b4759645-q5b98
2026-05-03 22:01:55,memory_usage_bytes,44290048.0,istio-gateway-istio-58b4759645-q5b98
2026-05-03 22:02:00,memory_usage_bytes,44290048.0,istio-gateway-istio-58b4759645-q5b98
2026-05-03 22:02:05,memory_usage_bytes,44290048.0,istio-gateway-istio-58b4759645-q5b98
2026-05-03 22:02:10,memory_usage_bytes,44437504.0,istio-gateway-istio-58b4759645-q5b98
2026-05-03 22:02:15,memory_usage_bytes,44437504.0,istio-gateway-istio-58b4759645-q5b98
2026-05-03 22:02:20,memory_usage_bytes,44437504.0,istio-gateway-istio-58b4759645-q5b98
2026-05-03 22:02:25,memory_usage_bytes,44437504.0,istio-gateway-istio-58b4759645-q5b98
2026-05-03 22:02:30,memory_usage_bytes,44662784.0,istio-gateway-istio-58b4759645-q5b98
2026-05-03 22:02:35,memory_usage_bytes,44662784.0,istio-gateway-istio-58b4759645-q5b98
2026-05-03 22:02:40,memory_usage_bytes,44662784.0,istio-gateway-istio-58b4759645-q5b98
2026-05-03 22:02:45,memory_usage_bytes,44662784.0,istio-gateway-istio-58b4759645-q5b98
2026-05-03 22:02:50,memory_usage_bytes,44871680.0,istio-gateway-istio-58b4759645-q5b98
2026-05-03 22:02:55,memory_usage_bytes,44871680.0,istio-gateway-istio-58b4759645-q5b98
2026-05-03 22:03:00,memory_usage_bytes,44871680.0,istio-gateway-istio-58b4759645-q5b98
2026-05-03 22:03:05,memory_usage_bytes,45101056.0,istio-gateway-istio-58b4759645-q5b98
2026-05-03 22:03:10,memory_usage_bytes,45101056.0,istio-gateway-istio-58b4759645-q5b98
2026-05-03 22:03:15,memory_usage_bytes,45101056.0,istio-gateway-istio-58b4759645-q5b98
2026-05-03 22:03:20,memory_usage_bytes,45101056.0,istio-gateway-istio-58b4759645-q5b98
2026-05-03 22:03:25,memory_usage_bytes,45342720.0,istio-gateway-istio-58b4759645-q5b98
2026-05-03 22:03:30,memory_usage_bytes,45342720.0,istio-gateway-istio-58b4759645-q5b98
2026-05-03 22:03:35,memory_usage_bytes,45342720.0,istio-gateway-istio-58b4759645-q5b98
2026-05-03 22:03:40,memory_usage_bytes,45379584.0,istio-gateway-istio-58b4759645-q5b98
2026-05-03 22:03:45,memory_usage_bytes,45379584.0,istio-gateway-istio-58b4759645-q5b98
2026-05-03 22:03:50,memory_usage_bytes,45379584.0,istio-gateway-istio-58b4759645-q5b98
2026-05-03 22:03:55,memory_usage_bytes,45379584.0,istio-gateway-istio-58b4759645-q5b98
2026-05-03 22:04:00,memory_usage_bytes,45842432.0,istio-gateway-istio-58b4759645-q5b98
2026-05-03 22:04:05,memory_usage_bytes,45842432.0,istio-gateway-istio-58b4759645-q5b98
2026-05-03 22:04:10,memory_usage_bytes,45842432.0,istio-gateway-istio-58b4759645-q5b98
2026-05-03 22:04:15,memory_usage_bytes,45842432.0,istio-gateway-istio-58b4759645-q5b98
2026-05-03 22:04:20,memory_usage_bytes,45477888.0,istio-gateway-istio-58b4759645-q5b98
2026-05-03 22:04:25,memory_usage_bytes,45477888.0,istio-gateway-istio-58b4759645-q5b98
2026-05-03 22:04:30,memory_usage_bytes,45477888.0,istio-gateway-istio-58b4759645-q5b98
2026-05-03 22:04:35,memory_usage_bytes,45477888.0,istio-gateway-istio-58b4759645-q5b98
2026-05-03 22:04:40,memory_usage_bytes,45477888.0,istio-gateway-istio-58b4759645-q5b98
2026-05-03 22:04:45,memory_usage_bytes,45477888.0,istio-gateway-istio-58b4759645-q5b98
2026-05-03 22:04:50,memory_usage_bytes,45477888.0,istio-gateway-istio-58b4759645-q5b98
2026-05-03 22:04:55,memory_usage_bytes,45477888.0,istio-gateway-istio-58b4759645-q5b98
2026-05-03 22:05:00,memory_usage_bytes,45477888.0,istio-gateway-istio-58b4759645-q5b98
2026-05-03 22:05:05,memory_usage_bytes,45477888.0,istio-gateway-istio-58b4759645-q5b98
2026-05-03 22:05:10,memory_usage_bytes,45477888.0,istio-gateway-istio-58b4759645-q5b98
2026-05-03 22:05:15,memory_usage_bytes,45477888.0,istio-gateway-istio-58b4759645-q5b98
2026-05-03 22:05:20,memory_usage_bytes,45477888.0,istio-gateway-istio-58b4759645-q5b98
2026-05-03 22:05:25,memory_usage_bytes,45477888.0,istio-gateway-istio-58b4759645-q5b98
2026-05-03 22:05:30,memory_usage_bytes,45477888.0,istio-gateway-istio-58b4759645-q5b98
2026-05-03 22:05:35,memory_usage_bytes,45481984.0,istio-gateway-istio-58b4759645-q5b98
2026-05-03 22:05:40,memory_usage_bytes,45481984.0,istio-gateway-istio-58b4759645-q5b98
2026-05-03 22:05:45,memory_usage_bytes,45481984.0,istio-gateway-istio-58b4759645-q5b98
2026-05-03 22:05:50,memory_usage_bytes,45481984.0,istio-gateway-istio-58b4759645-q5b98
2026-05-03 22:05:55,memory_usage_bytes,45481984.0,istio-gateway-istio-58b4759645-q5b98
2026-05-03 22:06:00,memory_usage_bytes,45477888.0,istio-gateway-istio-58b4759645-q5b98
2026-05-03 22:06:05,memory_usage_bytes,45477888.0,istio-gateway-istio-58b4759645-q5b98
2026-05-03 22:06:10,memory_usage_bytes,45490176.0,istio-gateway-istio-58b4759645-q5b98
2026-05-03 22:06:15,memory_usage_bytes,45490176.0,istio-gateway-istio-58b4759645-q5b98
2026-05-03 22:06:20,memory_usage_bytes,45494272.0,istio-gateway-istio-58b4759645-q5b98
2026-05-03 22:06:25,memory_usage_bytes,45494272.0,istio-gateway-istio-58b4759645-q5b98
2026-05-03 22:06:30,memory_usage_bytes,45494272.0,istio-gateway-istio-58b4759645-q5b98
2026-05-03 22:06:35,memory_usage_bytes,45760512.0,istio-gateway-istio-58b4759645-q5b98
2026-05-03 22:06:40,memory_usage_bytes,45760512.0,istio-gateway-istio-58b4759645-q5b98
2026-05-03 22:06:45,memory_usage_bytes,45760512.0,istio-gateway-istio-58b4759645-q5b98
2026-05-03 22:06:50,memory_usage_bytes,45481984.0,istio-gateway-istio-58b4759645-q5b98
2026-05-03 22:06:55,memory_usage_bytes,45481984.0,istio-gateway-istio-58b4759645-q5b98
2026-05-03 22:07:00,memory_usage_bytes,45481984.0,istio-gateway-istio-58b4759645-q5b98
2026-05-03 22:07:05,memory_usage_bytes,45481984.0,istio-gateway-istio-58b4759645-q5b98
2026-05-03 22:07:10,memory_usage_bytes,45506560.0,istio-gateway-istio-58b4759645-q5b98
2026-05-03 22:07:15,memory_usage_bytes,45506560.0,istio-gateway-istio-58b4759645-q5b98
2026-05-03 22:07:20,memory_usage_bytes,45490176.0,istio-gateway-istio-58b4759645-q5b98
2026-05-03 22:07:25,memory_usage_bytes,45490176.0,istio-gateway-istio-58b4759645-q5b98
2026-05-03 22:07:30,memory_usage_bytes,45490176.0,istio-gateway-istio-58b4759645-q5b98
2026-05-03 22:07:35,memory_usage_bytes,45518848.0,istio-gateway-istio-58b4759645-q5b98
2026-05-03 22:07:40,memory_usage_bytes,45518848.0,istio-gateway-istio-58b4759645-q5b98
2026-05-03 22:07:45,memory_usage_bytes,45518848.0,istio-gateway-istio-58b4759645-q5b98
2026-05-03 22:07:50,memory_usage_bytes,45518848.0,istio-gateway-istio-58b4759645-q5b98
2026-05-03 22:07:55,memory_usage_bytes,45527040.0,istio-gateway-istio-58b4759645-q5b98
2026-05-03 22:08:00,memory_usage_bytes,45527040.0,istio-gateway-istio-58b4759645-q5b98
2026-05-03 22:08:05,memory_usage_bytes,45527040.0,istio-gateway-istio-58b4759645-q5b98
2026-05-03 22:08:10,memory_usage_bytes,45527040.0,istio-gateway-istio-58b4759645-q5b98
2026-05-03 22:08:15,memory_usage_bytes,45543424.0,istio-gateway-istio-58b4759645-q5b98
2026-05-03 22:08:20,memory_usage_bytes,45543424.0,istio-gateway-istio-58b4759645-q5b98
2026-05-03 22:08:25,memory_usage_bytes,45543424.0,istio-gateway-istio-58b4759645-q5b98
2026-05-03 22:08:30,memory_usage_bytes,45572096.0,istio-gateway-istio-58b4759645-q5b98
2026-05-03 22:08:35,memory_usage_bytes,45572096.0,istio-gateway-istio-58b4759645-q5b98
2026-05-03 22:08:40,memory_usage_bytes,45572096.0,istio-gateway-istio-58b4759645-q5b98
2026-05-03 22:01:40,memory_usage_bytes,66703360.0,paymentservice-5fbcdb4f67-hhl4c
2026-05-03 22:01:45,memory_usage_bytes,66818048.0,paymentservice-5fbcdb4f67-hhl4c
2026-05-03 22:01:50,memory_usage_bytes,66818048.0,paymentservice-5fbcdb4f67-hhl4c
2026-05-03 22:01:55,memory_usage_bytes,66658304.0,paymentservice-5fbcdb4f67-hhl4c
2026-05-03 22:02:00,memory_usage_bytes,66490368.0,paymentservice-5fbcdb4f67-hhl4c
2026-05-03 22:02:05,memory_usage_bytes,66490368.0,paymentservice-5fbcdb4f67-hhl4c
2026-05-03 22:02:10,memory_usage_bytes,66486272.0,paymentservice-5fbcdb4f67-hhl4c
2026-05-03 22:02:15,memory_usage_bytes,66490368.0,paymentservice-5fbcdb4f67-hhl4c
2026-05-03 22:02:20,memory_usage_bytes,66490368.0,paymentservice-5fbcdb4f67-hhl4c
2026-05-03 22:02:25,memory_usage_bytes,66482176.0,paymentservice-5fbcdb4f67-hhl4c
2026-05-03 22:02:30,memory_usage_bytes,66482176.0,paymentservice-5fbcdb4f67-hhl4c
2026-05-03 22:02:35,memory_usage_bytes,66482176.0,paymentservice-5fbcdb4f67-hhl4c
2026-05-03 22:02:40,memory_usage_bytes,66490368.0,paymentservice-5fbcdb4f67-hhl4c
2026-05-03 22:02:45,memory_usage_bytes,66498560.0,paymentservice-5fbcdb4f67-hhl4c
2026-05-03 22:02:50,memory_usage_bytes,66498560.0,paymentservice-5fbcdb4f67-hhl4c
2026-05-03 22:02:55,memory_usage_bytes,66498560.0,paymentservice-5fbcdb4f67-hhl4c
2026-05-03 22:03:00,memory_usage_bytes,66498560.0,paymentservice-5fbcdb4f67-hhl4c
2026-05-03 22:03:05,memory_usage_bytes,66498560.0,paymentservice-5fbcdb4f67-hhl4c
2026-05-03 22:03:10,memory_usage_bytes,66506752.0,paymentservice-5fbcdb4f67-hhl4c
2026-05-03 22:03:15,memory_usage_bytes,66506752.0,paymentservice-5fbcdb4f67-hhl4c
2026-05-03 22:03:20,memory_usage_bytes,66543616.0,paymentservice-5fbcdb4f67-hhl4c
2026-05-03 22:03:25,memory_usage_bytes,66580480.0,paymentservice-5fbcdb4f67-hhl4c
2026-05-03 22:03:30,memory_usage_bytes,66584576.0,paymentservice-5fbcdb4f67-hhl4c
2026-05-03 22:03:35,memory_usage_bytes,66584576.0,paymentservice-5fbcdb4f67-hhl4c
2026-05-03 22:03:40,memory_usage_bytes,66584576.0,paymentservice-5fbcdb4f67-hhl4c
2026-05-03 22:03:45,memory_usage_bytes,66584576.0,paymentservice-5fbcdb4f67-hhl4c
2026-05-03 22:03:50,memory_usage_bytes,66580480.0,paymentservice-5fbcdb4f67-hhl4c
2026-05-03 22:03:55,memory_usage_bytes,66580480.0,paymentservice-5fbcdb4f67-hhl4c
2026-05-03 22:04:00,memory_usage_bytes,66580480.0,paymentservice-5fbcdb4f67-hhl4c
2026-05-03 22:04:05,memory_usage_bytes,66584576.0,paymentservice-5fbcdb4f67-hhl4c
2026-05-03 22:04:10,memory_usage_bytes,66588672.0,paymentservice-5fbcdb4f67-hhl4c
2026-05-03 22:04:15,memory_usage_bytes,66588672.0,paymentservice-5fbcdb4f67-hhl4c
2026-05-03 22:04:20,memory_usage_bytes,66596864.0,paymentservice-5fbcdb4f67-hhl4c
2026-05-03 22:04:25,memory_usage_bytes,66605056.0,paymentservice-5fbcdb4f67-hhl4c
2026-05-03 22:04:30,memory_usage_bytes,66605056.0,paymentservice-5fbcdb4f67-hhl4c
2026-05-03 22:04:35,memory_usage_bytes,66666496.0,paymentservice-5fbcdb4f67-hhl4c
2026-05-03 22:04:40,memory_usage_bytes,66666496.0,paymentservice-5fbcdb4f67-hhl4c
2026-05-03 22:04:45,memory_usage_bytes,66711552.0,paymentservice-5fbcdb4f67-hhl4c
2026-05-03 22:04:50,memory_usage_bytes,66711552.0,paymentservice-5fbcdb4f67-hhl4c
2026-05-03 22:04:55,memory_usage_bytes,66711552.0,paymentservice-5fbcdb4f67-hhl4c
2026-05-03 22:05:00,memory_usage_bytes,66711552.0,paymentservice-5fbcdb4f67-hhl4c
2026-05-03 22:05:05,memory_usage_bytes,66711552.0,paymentservice-5fbcdb4f67-hhl4c
2026-05-03 22:05:10,memory_usage_bytes,66711552.0,paymentservice-5fbcdb4f67-hhl4c
2026-05-03 22:05:15,memory_usage_bytes,66711552.0,paymentservice-5fbcdb4f67-hhl4c
2026-05-03 22:05:20,memory_usage_bytes,66711552.0,paymentservice-5fbcdb4f67-hhl4c
2026-05-03 22:05:25,memory_usage_bytes,66715648.0,paymentservice-5fbcdb4f67-hhl4c
2026-05-03 22:05:30,memory_usage_bytes,66719744.0,paymentservice-5fbcdb4f67-hhl4c
2026-05-03 22:05:35,memory_usage_bytes,66719744.0,paymentservice-5fbcdb4f67-hhl4c
2026-05-03 22:05:40,memory_usage_bytes,66719744.0,paymentservice-5fbcdb4f67-hhl4c
2026-05-03 22:05:45,memory_usage_bytes,66719744.0,paymentservice-5fbcdb4f67-hhl4c
2026-05-03 22:05:50,memory_usage_bytes,66719744.0,paymentservice-5fbcdb4f67-hhl4c
2026-05-03 22:05:55,memory_usage_bytes,66719744.0,paymentservice-5fbcdb4f67-hhl4c
2026-05-03 22:06:00,memory_usage_bytes,66732032.0,paymentservice-5fbcdb4f67-hhl4c
2026-05-03 22:06:05,memory_usage_bytes,66744320.0,paymentservice-5fbcdb4f67-hhl4c
2026-05-03 22:06:10,memory_usage_bytes,66744320.0,paymentservice-5fbcdb4f67-hhl4c
2026-05-03 22:06:15,memory_usage_bytes,66744320.0,paymentservice-5fbcdb4f67-hhl4c
2026-05-03 22:06:20,memory_usage_bytes,66760704.0,paymentservice-5fbcdb4f67-hhl4c
2026-05-03 22:06:25,memory_usage_bytes,66760704.0,paymentservice-5fbcdb4f67-hhl4c
2026-05-03 22:06:30,memory_usage_bytes,66797568.0,paymentservice-5fbcdb4f67-hhl4c
2026-05-03 22:06:35,memory_usage_bytes,66826240.0,paymentservice-5fbcdb4f67-hhl4c
2026-05-03 22:06:40,memory_usage_bytes,66826240.0,paymentservice-5fbcdb4f67-hhl4c
2026-05-03 22:06:45,memory_usage_bytes,66818048.0,paymentservice-5fbcdb4f67-hhl4c
2026-05-03 22:06:50,memory_usage_bytes,66818048.0,paymentservice-5fbcdb4f67-hhl4c
2026-05-03 22:06:55,memory_usage_bytes,66818048.0,paymentservice-5fbcdb4f67-hhl4c
2026-05-03 22:07:00,memory_usage_bytes,66818048.0,paymentservice-5fbcdb4f67-hhl4c
2026-05-03 22:07:05,memory_usage_bytes,66945024.0,paymentservice-5fbcdb4f67-hhl4c
2026-05-03 22:07:10,memory_usage_bytes,66945024.0,paymentservice-5fbcdb4f67-hhl4c
2026-05-03 22:07:15,memory_usage_bytes,66940928.0,paymentservice-5fbcdb4f67-hhl4c
2026-05-03 22:07:20,memory_usage_bytes,67039232.0,paymentservice-5fbcdb4f67-hhl4c
2026-05-03 22:07:25,memory_usage_bytes,67039232.0,paymentservice-5fbcdb4f67-hhl4c
2026-05-03 22:07:30,memory_usage_bytes,67039232.0,paymentservice-5fbcdb4f67-hhl4c
2026-05-03 22:07:35,memory_usage_bytes,67039232.0,paymentservice-5fbcdb4f67-hhl4c
2026-05-03 22:07:40,memory_usage_bytes,67051520.0,paymentservice-5fbcdb4f67-hhl4c
2026-05-03 22:07:45,memory_usage_bytes,67051520.0,paymentservice-5fbcdb4f67-hhl4c
2026-05-03 22:07:50,memory_usage_bytes,67051520.0,paymentservice-5fbcdb4f67-hhl4c
2026-05-03 22:07:55,memory_usage_bytes,67047424.0,paymentservice-5fbcdb4f67-hhl4c
2026-05-03 22:08:00,memory_usage_bytes,67039232.0,paymentservice-5fbcdb4f67-hhl4c
2026-05-03 22:08:05,memory_usage_bytes,67039232.0,paymentservice-5fbcdb4f67-hhl4c
2026-05-03 22:08:10,memory_usage_bytes,67039232.0,paymentservice-5fbcdb4f67-hhl4c
2026-05-03 22:08:15,memory_usage_bytes,67039232.0,paymentservice-5fbcdb4f67-hhl4c
2026-05-03 22:08:20,memory_usage_bytes,67039232.0,paymentservice-5fbcdb4f67-hhl4c
2026-05-03 22:08:25,memory_usage_bytes,67039232.0,paymentservice-5fbcdb4f67-hhl4c
2026-05-03 22:08:30,memory_usage_bytes,67076096.0,paymentservice-5fbcdb4f67-hhl4c
2026-05-03 22:08:35,memory_usage_bytes,67117056.0,paymentservice-5fbcdb4f67-hhl4c
2026-05-03 22:08:40,memory_usage_bytes,67117056.0,paymentservice-5fbcdb4f67-hhl4c
2026-05-03 22:01:40,memory_usage_bytes,19689472.0,productcatalogservice-647df6f5bf-fjfrb
2026-05-03 22:01:45,memory_usage_bytes,19820544.0,productcatalogservice-647df6f5bf-fjfrb
2026-05-03 22:01:50,memory_usage_bytes,19820544.0,productcatalogservice-647df6f5bf-fjfrb
2026-05-03 22:01:55,memory_usage_bytes,18444288.0,productcatalogservice-647df6f5bf-fjfrb
2026-05-03 22:02:00,memory_usage_bytes,18444288.0,productcatalogservice-647df6f5bf-fjfrb
2026-05-03 22:02:05,memory_usage_bytes,18444288.0,productcatalogservice-647df6f5bf-fjfrb
2026-05-03 22:02:10,memory_usage_bytes,18444288.0,productcatalogservice-647df6f5bf-fjfrb
2026-05-03 22:02:15,memory_usage_bytes,18665472.0,productcatalogservice-647df6f5bf-fjfrb
2026-05-03 22:02:20,memory_usage_bytes,18665472.0,productcatalogservice-647df6f5bf-fjfrb
2026-05-03 22:02:25,memory_usage_bytes,18534400.0,productcatalogservice-647df6f5bf-fjfrb
2026-05-03 22:02:30,memory_usage_bytes,18534400.0,productcatalogservice-647df6f5bf-fjfrb
2026-05-03 22:02:35,memory_usage_bytes,18534400.0,productcatalogservice-647df6f5bf-fjfrb
2026-05-03 22:02:40,memory_usage_bytes,18763776.0,productcatalogservice-647df6f5bf-fjfrb
2026-05-03 22:02:45,memory_usage_bytes,18821120.0,productcatalogservice-647df6f5bf-fjfrb
2026-05-03 22:02:50,memory_usage_bytes,18821120.0,productcatalogservice-647df6f5bf-fjfrb
2026-05-03 22:02:55,memory_usage_bytes,18821120.0,productcatalogservice-647df6f5bf-fjfrb
2026-05-03 22:03:00,memory_usage_bytes,18792448.0,productcatalogservice-647df6f5bf-fjfrb
2026-05-03 22:03:05,memory_usage_bytes,18923520.0,productcatalogservice-647df6f5bf-fjfrb
2026-05-03 22:03:10,memory_usage_bytes,18944000.0,productcatalogservice-647df6f5bf-fjfrb
2026-05-03 22:03:15,memory_usage_bytes,18944000.0,productcatalogservice-647df6f5bf-fjfrb
2026-05-03 22:03:20,memory_usage_bytes,18944000.0,productcatalogservice-647df6f5bf-fjfrb
2026-05-03 22:03:25,memory_usage_bytes,18944000.0,productcatalogservice-647df6f5bf-fjfrb
2026-05-03 22:03:30,memory_usage_bytes,19857408.0,productcatalogservice-647df6f5bf-fjfrb
2026-05-03 22:03:35,memory_usage_bytes,20434944.0,productcatalogservice-647df6f5bf-fjfrb
2026-05-03 22:03:40,memory_usage_bytes,20434944.0,productcatalogservice-647df6f5bf-fjfrb
2026-05-03 22:03:45,memory_usage_bytes,19664896.0,productcatalogservice-647df6f5bf-fjfrb
2026-05-03 22:03:50,memory_usage_bytes,18563072.0,productcatalogservice-647df6f5bf-fjfrb
2026-05-03 22:03:55,memory_usage_bytes,17887232.0,productcatalogservice-647df6f5bf-fjfrb
2026-05-03 22:04:00,memory_usage_bytes,17887232.0,productcatalogservice-647df6f5bf-fjfrb
2026-05-03 22:04:05,memory_usage_bytes,18534400.0,productcatalogservice-647df6f5bf-fjfrb
2026-05-03 22:04:10,memory_usage_bytes,18534400.0,productcatalogservice-647df6f5bf-fjfrb
2026-05-03 22:04:15,memory_usage_bytes,19247104.0,productcatalogservice-647df6f5bf-fjfrb
2026-05-03 22:04:20,memory_usage_bytes,18616320.0,productcatalogservice-647df6f5bf-fjfrb
2026-05-03 22:04:25,memory_usage_bytes,18616320.0,productcatalogservice-647df6f5bf-fjfrb
2026-05-03 22:04:30,memory_usage_bytes,19169280.0,productcatalogservice-647df6f5bf-fjfrb
2026-05-03 22:04:35,memory_usage_bytes,18690048.0,productcatalogservice-647df6f5bf-fjfrb
2026-05-03 22:04:40,memory_usage_bytes,18690048.0,productcatalogservice-647df6f5bf-fjfrb
2026-05-03 22:04:45,memory_usage_bytes,18690048.0,productcatalogservice-647df6f5bf-fjfrb
2026-05-03 22:04:50,memory_usage_bytes,18690048.0,productcatalogservice-647df6f5bf-fjfrb
2026-05-03 22:04:55,memory_usage_bytes,18690048.0,productcatalogservice-647df6f5bf-fjfrb
2026-05-03 22:05:00,memory_usage_bytes,18690048.0,productcatalogservice-647df6f5bf-fjfrb
2026-05-03 22:05:05,memory_usage_bytes,18378752.0,productcatalogservice-647df6f5bf-fjfrb
2026-05-03 22:05:10,memory_usage_bytes,18378752.0,productcatalogservice-647df6f5bf-fjfrb
2026-05-03 22:05:15,memory_usage_bytes,18378752.0,productcatalogservice-647df6f5bf-fjfrb
2026-05-03 22:05:20,memory_usage_bytes,18915328.0,productcatalogservice-647df6f5bf-fjfrb
2026-05-03 22:05:25,memory_usage_bytes,18915328.0,productcatalogservice-647df6f5bf-fjfrb
2026-05-03 22:05:30,memory_usage_bytes,18915328.0,productcatalogservice-647df6f5bf-fjfrb
2026-05-03 22:05:35,memory_usage_bytes,19353600.0,productcatalogservice-647df6f5bf-fjfrb
2026-05-03 22:05:40,memory_usage_bytes,19353600.0,productcatalogservice-647df6f5bf-fjfrb
2026-05-03 22:05:45,memory_usage_bytes,19353600.0,productcatalogservice-647df6f5bf-fjfrb
2026-05-03 22:05:50,memory_usage_bytes,18964480.0,productcatalogservice-647df6f5bf-fjfrb
2026-05-03 22:05:55,memory_usage_bytes,19001344.0,productcatalogservice-647df6f5bf-fjfrb
2026-05-03 22:06:00,memory_usage_bytes,19001344.0,productcatalogservice-647df6f5bf-fjfrb
2026-05-03 22:06:05,memory_usage_bytes,18984960.0,productcatalogservice-647df6f5bf-fjfrb
2026-05-03 22:06:10,memory_usage_bytes,18984960.0,productcatalogservice-647df6f5bf-fjfrb
2026-05-03 22:06:15,memory_usage_bytes,18661376.0,productcatalogservice-647df6f5bf-fjfrb
2026-05-03 22:06:20,memory_usage_bytes,18661376.0,productcatalogservice-647df6f5bf-fjfrb
2026-05-03 22:06:25,memory_usage_bytes,18583552.0,productcatalogservice-647df6f5bf-fjfrb
2026-05-03 22:06:30,memory_usage_bytes,18583552.0,productcatalogservice-647df6f5bf-fjfrb
2026-05-03 22:06:35,memory_usage_bytes,18583552.0,productcatalogservice-647df6f5bf-fjfrb
2026-05-03 22:06:40,memory_usage_bytes,18604032.0,productcatalogservice-647df6f5bf-fjfrb
2026-05-03 22:06:45,memory_usage_bytes,18743296.0,productcatalogservice-647df6f5bf-fjfrb
2026-05-03 22:06:50,memory_usage_bytes,19079168.0,productcatalogservice-647df6f5bf-fjfrb
2026-05-03 22:06:55,memory_usage_bytes,19079168.0,productcatalogservice-647df6f5bf-fjfrb
2026-05-03 22:07:00,memory_usage_bytes,19079168.0,productcatalogservice-647df6f5bf-fjfrb
2026-05-03 22:07:05,memory_usage_bytes,18849792.0,productcatalogservice-647df6f5bf-fjfrb
2026-05-03 22:07:10,memory_usage_bytes,18849792.0,productcatalogservice-647df6f5bf-fjfrb
2026-05-03 22:07:15,memory_usage_bytes,18849792.0,productcatalogservice-647df6f5bf-fjfrb
2026-05-03 22:07:20,memory_usage_bytes,18485248.0,productcatalogservice-647df6f5bf-fjfrb
2026-05-03 22:07:25,memory_usage_bytes,18485248.0,productcatalogservice-647df6f5bf-fjfrb
2026-05-03 22:07:30,memory_usage_bytes,18829312.0,productcatalogservice-647df6f5bf-fjfrb
2026-05-03 22:07:35,memory_usage_bytes,18755584.0,productcatalogservice-647df6f5bf-fjfrb
2026-05-03 22:07:40,memory_usage_bytes,18366464.0,productcatalogservice-647df6f5bf-fjfrb
2026-05-03 22:07:45,memory_usage_bytes,18444288.0,productcatalogservice-647df6f5bf-fjfrb
2026-05-03 22:07:50,memory_usage_bytes,18444288.0,productcatalogservice-647df6f5bf-fjfrb
2026-05-03 22:07:55,memory_usage_bytes,18444288.0,productcatalogservice-647df6f5bf-fjfrb
2026-05-03 22:08:00,memory_usage_bytes,18669568.0,productcatalogservice-647df6f5bf-fjfrb
2026-05-03 22:08:05,memory_usage_bytes,18669568.0,productcatalogservice-647df6f5bf-fjfrb
2026-05-03 22:08:10,memory_usage_bytes,18669568.0,productcatalogservice-647df6f5bf-fjfrb
2026-05-03 22:08:15,memory_usage_bytes,19038208.0,productcatalogservice-647df6f5bf-fjfrb
2026-05-03 22:08:20,memory_usage_bytes,19087360.0,productcatalogservice-647df6f5bf-fjfrb
2026-05-03 22:08:25,memory_usage_bytes,19087360.0,productcatalogservice-647df6f5bf-fjfrb
2026-05-03 22:08:30,memory_usage_bytes,18497536.0,productcatalogservice-647df6f5bf-fjfrb
2026-05-03 22:08:35,memory_usage_bytes,18468864.0,productcatalogservice-647df6f5bf-fjfrb
2026-05-03 22:08:40,memory_usage_bytes,18468864.0,productcatalogservice-647df6f5bf-fjfrb
2026-05-03 22:01:40,memory_usage_bytes,69566464.0,recommendationservice-6b75dfc647-csb5x
2026-05-03 22:01:45,memory_usage_bytes,69566464.0,recommendationservice-6b75dfc647-csb5x
2026-05-03 22:01:50,memory_usage_bytes,69578752.0,recommendationservice-6b75dfc647-csb5x
2026-05-03 22:01:55,memory_usage_bytes,69578752.0,recommendationservice-6b75dfc647-csb5x
2026-05-03 22:02:00,memory_usage_bytes,69304320.0,recommendationservice-6b75dfc647-csb5x
2026-05-03 22:02:05,memory_usage_bytes,69275648.0,recommendationservice-6b75dfc647-csb5x
2026-05-03 22:02:10,memory_usage_bytes,69275648.0,recommendationservice-6b75dfc647-csb5x
2026-05-03 22:02:15,memory_usage_bytes,69279744.0,recommendationservice-6b75dfc647-csb5x
2026-05-03 22:02:20,memory_usage_bytes,69337088.0,recommendationservice-6b75dfc647-csb5x
2026-05-03 22:02:25,memory_usage_bytes,69337088.0,recommendationservice-6b75dfc647-csb5x
2026-05-03 22:02:30,memory_usage_bytes,69337088.0,recommendationservice-6b75dfc647-csb5x
2026-05-03 22:02:35,memory_usage_bytes,69283840.0,recommendationservice-6b75dfc647-csb5x
2026-05-03 22:02:40,memory_usage_bytes,69283840.0,recommendationservice-6b75dfc647-csb5x
2026-05-03 22:02:45,memory_usage_bytes,69283840.0,recommendationservice-6b75dfc647-csb5x
2026-05-03 22:02:50,memory_usage_bytes,69922816.0,recommendationservice-6b75dfc647-csb5x
2026-05-03 22:02:55,memory_usage_bytes,69910528.0,recommendationservice-6b75dfc647-csb5x
2026-05-03 22:03:00,memory_usage_bytes,69955584.0,recommendationservice-6b75dfc647-csb5x
2026-05-03 22:03:05,memory_usage_bytes,69947392.0,recommendationservice-6b75dfc647-csb5x
2026-05-03 22:03:10,memory_usage_bytes,69324800.0,recommendationservice-6b75dfc647-csb5x
2026-05-03 22:03:15,memory_usage_bytes,69324800.0,recommendationservice-6b75dfc647-csb5x
2026-05-03 22:03:20,memory_usage_bytes,70180864.0,recommendationservice-6b75dfc647-csb5x
2026-05-03 22:03:25,memory_usage_bytes,70479872.0,recommendationservice-6b75dfc647-csb5x
2026-05-03 22:03:30,memory_usage_bytes,70029312.0,recommendationservice-6b75dfc647-csb5x
2026-05-03 22:03:35,memory_usage_bytes,70029312.0,recommendationservice-6b75dfc647-csb5x
2026-05-03 22:03:40,memory_usage_bytes,69656576.0,recommendationservice-6b75dfc647-csb5x
2026-05-03 22:03:45,memory_usage_bytes,69558272.0,recommendationservice-6b75dfc647-csb5x
2026-05-03 22:03:50,memory_usage_bytes,69558272.0,recommendationservice-6b75dfc647-csb5x
2026-05-03 22:03:55,memory_usage_bytes,69558272.0,recommendationservice-6b75dfc647-csb5x
2026-05-03 22:04:00,memory_usage_bytes,69468160.0,recommendationservice-6b75dfc647-csb5x
2026-05-03 22:04:05,memory_usage_bytes,69468160.0,recommendationservice-6b75dfc647-csb5x
2026-05-03 22:04:10,memory_usage_bytes,69468160.0,recommendationservice-6b75dfc647-csb5x
2026-05-03 22:04:15,memory_usage_bytes,69468160.0,recommendationservice-6b75dfc647-csb5x
2026-05-03 22:04:20,memory_usage_bytes,69251072.0,recommendationservice-6b75dfc647-csb5x
2026-05-03 22:04:25,memory_usage_bytes,69251072.0,recommendationservice-6b75dfc647-csb5x
2026-05-03 22:04:30,memory_usage_bytes,69251072.0,recommendationservice-6b75dfc647-csb5x
2026-05-03 22:04:35,memory_usage_bytes,69877760.0,recommendationservice-6b75dfc647-csb5x
2026-05-03 22:04:40,memory_usage_bytes,69877760.0,recommendationservice-6b75dfc647-csb5x
2026-05-03 22:04:45,memory_usage_bytes,69849088.0,recommendationservice-6b75dfc647-csb5x
2026-05-03 22:04:50,memory_usage_bytes,69648384.0,recommendationservice-6b75dfc647-csb5x
2026-05-03 22:04:55,memory_usage_bytes,69648384.0,recommendationservice-6b75dfc647-csb5x
2026-05-03 22:05:00,memory_usage_bytes,70004736.0,recommendationservice-6b75dfc647-csb5x
2026-05-03 22:05:05,memory_usage_bytes,70320128.0,recommendationservice-6b75dfc647-csb5x
2026-05-03 22:05:10,memory_usage_bytes,70881280.0,recommendationservice-6b75dfc647-csb5x
2026-05-03 22:05:15,memory_usage_bytes,70881280.0,recommendationservice-6b75dfc647-csb5x
2026-05-03 22:05:20,memory_usage_bytes,70881280.0,recommendationservice-6b75dfc647-csb5x
2026-05-03 22:05:25,memory_usage_bytes,70500352.0,recommendationservice-6b75dfc647-csb5x
2026-05-03 22:05:30,memory_usage_bytes,69906432.0,recommendationservice-6b75dfc647-csb5x
2026-05-03 22:05:35,memory_usage_bytes,69906432.0,recommendationservice-6b75dfc647-csb5x
2026-05-03 22:05:40,memory_usage_bytes,70447104.0,recommendationservice-6b75dfc647-csb5x
2026-05-03 22:05:45,memory_usage_bytes,70819840.0,recommendationservice-6b75dfc647-csb5x
2026-05-03 22:05:50,memory_usage_bytes,70819840.0,recommendationservice-6b75dfc647-csb5x
2026-05-03 22:05:55,memory_usage_bytes,69570560.0,recommendationservice-6b75dfc647-csb5x
2026-05-03 22:06:00,memory_usage_bytes,69570560.0,recommendationservice-6b75dfc647-csb5x
2026-05-03 22:06:05,memory_usage_bytes,69570560.0,recommendationservice-6b75dfc647-csb5x
2026-05-03 22:06:10,memory_usage_bytes,69570560.0,recommendationservice-6b75dfc647-csb5x
2026-05-03 22:06:15,memory_usage_bytes,69533696.0,recommendationservice-6b75dfc647-csb5x
2026-05-03 22:06:20,memory_usage_bytes,69533696.0,recommendationservice-6b75dfc647-csb5x
2026-05-03 22:06:25,memory_usage_bytes,69533696.0,recommendationservice-6b75dfc647-csb5x
2026-05-03 22:06:30,memory_usage_bytes,69849088.0,recommendationservice-6b75dfc647-csb5x
2026-05-03 22:06:35,memory_usage_bytes,69849088.0,recommendationservice-6b75dfc647-csb5x
2026-05-03 22:06:40,memory_usage_bytes,70017024.0,recommendationservice-6b75dfc647-csb5x
2026-05-03 22:06:45,memory_usage_bytes,70017024.0,recommendationservice-6b75dfc647-csb5x
2026-05-03 22:06:50,memory_usage_bytes,70238208.0,recommendationservice-6b75dfc647-csb5x
2026-05-03 22:06:55,memory_usage_bytes,70238208.0,recommendationservice-6b75dfc647-csb5x
2026-05-03 22:07:00,memory_usage_bytes,70057984.0,recommendationservice-6b75dfc647-csb5x
2026-05-03 22:07:05,memory_usage_bytes,70057984.0,recommendationservice-6b75dfc647-csb5x
2026-05-03 22:07:10,memory_usage_bytes,69697536.0,recommendationservice-6b75dfc647-csb5x
2026-05-03 22:07:15,memory_usage_bytes,69697536.0,recommendationservice-6b75dfc647-csb5x
2026-05-03 22:07:20,memory_usage_bytes,69812224.0,recommendationservice-6b75dfc647-csb5x
2026-05-03 22:07:25,memory_usage_bytes,69812224.0,recommendationservice-6b75dfc647-csb5x
2026-05-03 22:07:30,memory_usage_bytes,69668864.0,recommendationservice-6b75dfc647-csb5x
2026-05-03 22:07:35,memory_usage_bytes,69668864.0,recommendationservice-6b75dfc647-csb5x
2026-05-03 22:07:40,memory_usage_bytes,69931008.0,recommendationservice-6b75dfc647-csb5x
2026-05-03 22:07:45,memory_usage_bytes,69931008.0,recommendationservice-6b75dfc647-csb5x
2026-05-03 22:07:50,memory_usage_bytes,69959680.0,recommendationservice-6b75dfc647-csb5x
2026-05-03 22:07:55,memory_usage_bytes,69742592.0,recommendationservice-6b75dfc647-csb5x
2026-05-03 22:08:00,memory_usage_bytes,69742592.0,recommendationservice-6b75dfc647-csb5x
2026-05-03 22:08:05,memory_usage_bytes,69742592.0,recommendationservice-6b75dfc647-csb5x
2026-05-03 22:08:10,memory_usage_bytes,69472256.0,recommendationservice-6b75dfc647-csb5x
2026-05-03 22:08:15,memory_usage_bytes,69959680.0,recommendationservice-6b75dfc647-csb5x
2026-05-03 22:08:20,memory_usage_bytes,69959680.0,recommendationservice-6b75dfc647-csb5x
2026-05-03 22:08:25,memory_usage_bytes,70582272.0,recommendationservice-6b75dfc647-csb5x
2026-05-03 22:08:30,memory_usage_bytes,70582272.0,recommendationservice-6b75dfc647-csb5x
2026-05-03 22:08:35,memory_usage_bytes,70533120.0,recommendationservice-6b75dfc647-csb5x
2026-05-03 22:08:40,memory_usage_bytes,70533120.0,recommendationservice-6b75dfc647-csb5x
2026-05-03 22:01:40,memory_usage_bytes,11735040.0,redis-cart-65947666f5-96wvv
2026-05-03 22:01:45,memory_usage_bytes,11735040.0,redis-cart-65947666f5-96wvv
2026-05-03 22:01:50,memory_usage_bytes,11735040.0,redis-cart-65947666f5-96wvv
2026-05-03 22:01:55,memory_usage_bytes,11481088.0,redis-cart-65947666f5-96wvv
2026-05-03 22:02:00,memory_usage_bytes,11485184.0,redis-cart-65947666f5-96wvv
2026-05-03 22:02:05,memory_usage_bytes,11485184.0,redis-cart-65947666f5-96wvv
2026-05-03 22:02:10,memory_usage_bytes,11489280.0,redis-cart-65947666f5-96wvv
2026-05-03 22:02:15,memory_usage_bytes,11497472.0,redis-cart-65947666f5-96wvv
2026-05-03 22:02:20,memory_usage_bytes,11497472.0,redis-cart-65947666f5-96wvv
2026-05-03 22:02:25,memory_usage_bytes,11497472.0,redis-cart-65947666f5-96wvv
2026-05-03 22:02:30,memory_usage_bytes,11497472.0,redis-cart-65947666f5-96wvv
2026-05-03 22:02:35,memory_usage_bytes,11501568.0,redis-cart-65947666f5-96wvv
2026-05-03 22:02:40,memory_usage_bytes,11501568.0,redis-cart-65947666f5-96wvv
2026-05-03 22:02:45,memory_usage_bytes,11501568.0,redis-cart-65947666f5-96wvv
2026-05-03 22:02:50,memory_usage_bytes,11501568.0,redis-cart-65947666f5-96wvv
2026-05-03 22:02:55,memory_usage_bytes,11509760.0,redis-cart-65947666f5-96wvv
2026-05-03 22:03:00,memory_usage_bytes,11509760.0,redis-cart-65947666f5-96wvv
2026-05-03 22:03:05,memory_usage_bytes,11509760.0,redis-cart-65947666f5-96wvv
2026-05-03 22:03:10,memory_usage_bytes,11522048.0,redis-cart-65947666f5-96wvv
2026-05-03 22:03:15,memory_usage_bytes,11784192.0,redis-cart-65947666f5-96wvv
2026-05-03 22:03:20,memory_usage_bytes,11784192.0,redis-cart-65947666f5-96wvv
2026-05-03 22:03:25,memory_usage_bytes,11784192.0,redis-cart-65947666f5-96wvv
2026-05-03 22:03:30,memory_usage_bytes,11522048.0,redis-cart-65947666f5-96wvv
2026-05-03 22:03:35,memory_usage_bytes,11522048.0,redis-cart-65947666f5-96wvv
2026-05-03 22:03:40,memory_usage_bytes,11522048.0,redis-cart-65947666f5-96wvv
2026-05-03 22:03:45,memory_usage_bytes,11522048.0,redis-cart-65947666f5-96wvv
2026-05-03 22:03:50,memory_usage_bytes,11530240.0,redis-cart-65947666f5-96wvv
2026-05-03 22:03:55,memory_usage_bytes,11538432.0,redis-cart-65947666f5-96wvv
2026-05-03 22:04:00,memory_usage_bytes,11538432.0,redis-cart-65947666f5-96wvv
2026-05-03 22:04:05,memory_usage_bytes,11538432.0,redis-cart-65947666f5-96wvv
2026-05-03 22:04:10,memory_usage_bytes,11538432.0,redis-cart-65947666f5-96wvv
2026-05-03 22:04:15,memory_usage_bytes,11538432.0,redis-cart-65947666f5-96wvv
2026-05-03 22:04:20,memory_usage_bytes,11546624.0,redis-cart-65947666f5-96wvv
2026-05-03 22:04:25,memory_usage_bytes,11546624.0,redis-cart-65947666f5-96wvv
2026-05-03 22:04:30,memory_usage_bytes,11550720.0,redis-cart-65947666f5-96wvv
2026-05-03 22:04:35,memory_usage_bytes,11550720.0,redis-cart-65947666f5-96wvv
2026-05-03 22:04:40,memory_usage_bytes,11550720.0,redis-cart-65947666f5-96wvv
2026-05-03 22:04:45,memory_usage_bytes,11550720.0,redis-cart-65947666f5-96wvv
2026-05-03 22:04:50,memory_usage_bytes,11550720.0,redis-cart-65947666f5-96wvv
2026-05-03 22:04:55,memory_usage_bytes,11550720.0,redis-cart-65947666f5-96wvv
2026-05-03 22:05:00,memory_usage_bytes,11550720.0,redis-cart-65947666f5-96wvv
2026-05-03 22:05:05,memory_usage_bytes,11550720.0,redis-cart-65947666f5-96wvv
2026-05-03 22:05:10,memory_usage_bytes,11550720.0,redis-cart-65947666f5-96wvv
2026-05-03 22:05:15,memory_usage_bytes,11550720.0,redis-cart-65947666f5-96wvv
2026-05-03 22:05:20,memory_usage_bytes,11812864.0,redis-cart-65947666f5-96wvv
2026-05-03 22:05:25,memory_usage_bytes,11816960.0,redis-cart-65947666f5-96wvv
2026-05-03 22:05:30,memory_usage_bytes,11816960.0,redis-cart-65947666f5-96wvv
2026-05-03 22:05:35,memory_usage_bytes,11558912.0,redis-cart-65947666f5-96wvv
2026-05-03 22:05:40,memory_usage_bytes,11558912.0,redis-cart-65947666f5-96wvv
2026-05-03 22:05:45,memory_usage_bytes,11558912.0,redis-cart-65947666f5-96wvv
2026-05-03 22:05:50,memory_usage_bytes,11558912.0,redis-cart-65947666f5-96wvv
2026-05-03 22:05:55,memory_usage_bytes,11816960.0,redis-cart-65947666f5-96wvv
2026-05-03 22:06:00,memory_usage_bytes,11816960.0,redis-cart-65947666f5-96wvv
2026-05-03 22:06:05,memory_usage_bytes,11816960.0,redis-cart-65947666f5-96wvv
2026-05-03 22:06:10,memory_usage_bytes,11821056.0,redis-cart-65947666f5-96wvv
2026-05-03 22:06:15,memory_usage_bytes,11821056.0,redis-cart-65947666f5-96wvv
2026-05-03 22:06:20,memory_usage_bytes,11825152.0,redis-cart-65947666f5-96wvv
2026-05-03 22:06:25,memory_usage_bytes,11571200.0,redis-cart-65947666f5-96wvv
2026-05-03 22:06:30,memory_usage_bytes,11571200.0,redis-cart-65947666f5-96wvv
2026-05-03 22:06:35,memory_usage_bytes,11571200.0,redis-cart-65947666f5-96wvv
2026-05-03 22:06:40,memory_usage_bytes,11571200.0,redis-cart-65947666f5-96wvv
2026-05-03 22:06:45,memory_usage_bytes,11829248.0,redis-cart-65947666f5-96wvv
2026-05-03 22:06:50,memory_usage_bytes,11825152.0,redis-cart-65947666f5-96wvv
2026-05-03 22:06:55,memory_usage_bytes,11825152.0,redis-cart-65947666f5-96wvv
2026-05-03 22:07:00,memory_usage_bytes,11563008.0,redis-cart-65947666f5-96wvv
2026-05-03 22:07:05,memory_usage_bytes,11563008.0,redis-cart-65947666f5-96wvv
2026-05-03 22:07:10,memory_usage_bytes,11567104.0,redis-cart-65947666f5-96wvv
2026-05-03 22:07:15,memory_usage_bytes,11567104.0,redis-cart-65947666f5-96wvv
2026-05-03 22:07:20,memory_usage_bytes,11567104.0,redis-cart-65947666f5-96wvv
2026-05-03 22:07:25,memory_usage_bytes,11571200.0,redis-cart-65947666f5-96wvv
2026-05-03 22:07:30,memory_usage_bytes,11571200.0,redis-cart-65947666f5-96wvv
2026-05-03 22:07:35,memory_usage_bytes,11571200.0,redis-cart-65947666f5-96wvv
2026-05-03 22:07:40,memory_usage_bytes,11567104.0,redis-cart-65947666f5-96wvv
2026-05-03 22:07:45,memory_usage_bytes,11567104.0,redis-cart-65947666f5-96wvv
2026-05-03 22:07:50,memory_usage_bytes,11571200.0,redis-cart-65947666f5-96wvv
2026-05-03 22:07:55,memory_usage_bytes,11571200.0,redis-cart-65947666f5-96wvv
2026-05-03 22:08:00,memory_usage_bytes,11571200.0,redis-cart-65947666f5-96wvv
2026-05-03 22:08:05,memory_usage_bytes,11571200.0,redis-cart-65947666f5-96wvv
2026-05-03 22:08:10,memory_usage_bytes,11571200.0,redis-cart-65947666f5-96wvv
2026-05-03 22:08:15,memory_usage_bytes,11571200.0,redis-cart-65947666f5-96wvv
2026-05-03 22:08:20,memory_usage_bytes,11571200.0,redis-cart-65947666f5-96wvv
2026-05-03 22:08:25,memory_usage_bytes,11571200.0,redis-cart-65947666f5-96wvv
2026-05-03 22:08:30,memory_usage_bytes,11571200.0,redis-cart-65947666f5-96wvv
2026-05-03 22:08:35,memory_usage_bytes,11571200.0,redis-cart-65947666f5-96wvv
2026-05-03 22:08:40,memory_usage_bytes,11571200.0,redis-cart-65947666f5-96wvv
2026-05-03 22:01:40,memory_usage_bytes,16740352.0,shippingservice-6bf675979c-598lm
2026-05-03 22:01:45,memory_usage_bytes,16822272.0,shippingservice-6bf675979c-598lm
2026-05-03 22:01:50,memory_usage_bytes,16928768.0,shippingservice-6bf675979c-598lm
2026-05-03 22:01:55,memory_usage_bytes,16928768.0,shippingservice-6bf675979c-598lm
2026-05-03 22:02:00,memory_usage_bytes,16990208.0,shippingservice-6bf675979c-598lm
2026-05-03 22:02:05,memory_usage_bytes,17022976.0,shippingservice-6bf675979c-598lm
2026-05-03 22:02:10,memory_usage_bytes,17281024.0,shippingservice-6bf675979c-598lm
2026-05-03 22:02:15,memory_usage_bytes,17281024.0,shippingservice-6bf675979c-598lm
2026-05-03 22:02:20,memory_usage_bytes,17293312.0,shippingservice-6bf675979c-598lm
2026-05-03 22:02:25,memory_usage_bytes,17293312.0,shippingservice-6bf675979c-598lm
2026-05-03 22:02:30,memory_usage_bytes,16900096.0,shippingservice-6bf675979c-598lm
2026-05-03 22:02:35,memory_usage_bytes,16764928.0,shippingservice-6bf675979c-598lm
2026-05-03 22:02:40,memory_usage_bytes,16764928.0,shippingservice-6bf675979c-598lm
2026-05-03 22:02:45,memory_usage_bytes,16773120.0,shippingservice-6bf675979c-598lm
2026-05-03 22:02:50,memory_usage_bytes,16924672.0,shippingservice-6bf675979c-598lm
2026-05-03 22:02:55,memory_usage_bytes,16924672.0,shippingservice-6bf675979c-598lm
2026-05-03 22:03:00,memory_usage_bytes,17076224.0,shippingservice-6bf675979c-598lm
2026-05-03 22:03:05,memory_usage_bytes,17080320.0,shippingservice-6bf675979c-598lm
2026-05-03 22:03:10,memory_usage_bytes,17080320.0,shippingservice-6bf675979c-598lm
2026-05-03 22:03:15,memory_usage_bytes,17006592.0,shippingservice-6bf675979c-598lm
2026-05-03 22:03:20,memory_usage_bytes,17006592.0,shippingservice-6bf675979c-598lm
2026-05-03 22:03:25,memory_usage_bytes,16928768.0,shippingservice-6bf675979c-598lm
2026-05-03 22:03:30,memory_usage_bytes,16949248.0,shippingservice-6bf675979c-598lm
2026-05-03 22:03:35,memory_usage_bytes,16977920.0,shippingservice-6bf675979c-598lm
2026-05-03 22:03:40,memory_usage_bytes,16977920.0,shippingservice-6bf675979c-598lm
2026-05-03 22:03:45,memory_usage_bytes,16986112.0,shippingservice-6bf675979c-598lm
2026-05-03 22:03:50,memory_usage_bytes,16986112.0,shippingservice-6bf675979c-598lm
2026-05-03 22:03:55,memory_usage_bytes,17047552.0,shippingservice-6bf675979c-598lm
2026-05-03 22:04:00,memory_usage_bytes,17154048.0,shippingservice-6bf675979c-598lm
2026-05-03 22:04:05,memory_usage_bytes,17154048.0,shippingservice-6bf675979c-598lm
2026-05-03 22:04:10,memory_usage_bytes,17203200.0,shippingservice-6bf675979c-598lm
2026-05-03 22:04:15,memory_usage_bytes,17203200.0,shippingservice-6bf675979c-598lm
2026-05-03 22:04:20,memory_usage_bytes,17203200.0,shippingservice-6bf675979c-598lm
2026-05-03 22:04:25,memory_usage_bytes,17211392.0,shippingservice-6bf675979c-598lm
2026-05-03 22:04:30,memory_usage_bytes,17211392.0,shippingservice-6bf675979c-598lm
2026-05-03 22:04:35,memory_usage_bytes,17211392.0,shippingservice-6bf675979c-598lm
2026-05-03 22:04:40,memory_usage_bytes,17211392.0,shippingservice-6bf675979c-598lm
2026-05-03 22:04:45,memory_usage_bytes,17215488.0,shippingservice-6bf675979c-598lm
2026-05-03 22:04:50,memory_usage_bytes,17215488.0,shippingservice-6bf675979c-598lm
2026-05-03 22:04:55,memory_usage_bytes,17022976.0,shippingservice-6bf675979c-598lm
2026-05-03 22:05:00,memory_usage_bytes,16822272.0,shippingservice-6bf675979c-598lm
2026-05-03 22:05:05,memory_usage_bytes,16822272.0,shippingservice-6bf675979c-598lm
2026-05-03 22:05:10,memory_usage_bytes,16818176.0,shippingservice-6bf675979c-598lm
2026-05-03 22:05:15,memory_usage_bytes,16826368.0,shippingservice-6bf675979c-598lm
2026-05-03 22:05:20,memory_usage_bytes,16826368.0,shippingservice-6bf675979c-598lm
2026-05-03 22:05:25,memory_usage_bytes,17022976.0,shippingservice-6bf675979c-598lm
2026-05-03 22:05:30,memory_usage_bytes,17211392.0,shippingservice-6bf675979c-598lm
2026-05-03 22:05:35,memory_usage_bytes,17211392.0,shippingservice-6bf675979c-598lm
2026-05-03 22:05:40,memory_usage_bytes,16814080.0,shippingservice-6bf675979c-598lm
2026-05-03 22:05:45,memory_usage_bytes,16814080.0,shippingservice-6bf675979c-598lm
2026-05-03 22:05:50,memory_usage_bytes,16814080.0,shippingservice-6bf675979c-598lm
2026-05-03 22:05:55,memory_usage_bytes,16822272.0,shippingservice-6bf675979c-598lm
2026-05-03 22:06:00,memory_usage_bytes,16826368.0,shippingservice-6bf675979c-598lm
2026-05-03 22:06:05,memory_usage_bytes,16826368.0,shippingservice-6bf675979c-598lm
2026-05-03 22:06:10,memory_usage_bytes,16826368.0,shippingservice-6bf675979c-598lm
2026-05-03 22:06:15,memory_usage_bytes,17215488.0,shippingservice-6bf675979c-598lm
2026-05-03 22:06:20,memory_usage_bytes,17215488.0,shippingservice-6bf675979c-598lm
2026-05-03 22:06:25,memory_usage_bytes,17215488.0,shippingservice-6bf675979c-598lm
2026-05-03 22:06:30,memory_usage_bytes,17215488.0,shippingservice-6bf675979c-598lm
2026-05-03 22:06:35,memory_usage_bytes,17215488.0,shippingservice-6bf675979c-598lm
2026-05-03 22:06:40,memory_usage_bytes,17215488.0,shippingservice-6bf675979c-598lm
2026-05-03 22:06:45,memory_usage_bytes,17219584.0,shippingservice-6bf675979c-598lm
2026-05-03 22:06:50,memory_usage_bytes,17092608.0,shippingservice-6bf675979c-598lm
2026-05-03 22:06:55,memory_usage_bytes,17092608.0,shippingservice-6bf675979c-598lm
2026-05-03 22:07:00,memory_usage_bytes,17092608.0,shippingservice-6bf675979c-598lm
2026-05-03 22:07:05,memory_usage_bytes,16957440.0,shippingservice-6bf675979c-598lm
2026-05-03 22:07:10,memory_usage_bytes,16957440.0,shippingservice-6bf675979c-598lm
2026-05-03 22:07:15,memory_usage_bytes,16957440.0,shippingservice-6bf675979c-598lm
2026-05-03 22:07:20,memory_usage_bytes,16961536.0,shippingservice-6bf675979c-598lm
2026-05-03 22:07:25,memory_usage_bytes,16961536.0,shippingservice-6bf675979c-598lm
2026-05-03 22:07:30,memory_usage_bytes,16998400.0,shippingservice-6bf675979c-598lm
2026-05-03 22:07:35,memory_usage_bytes,17125376.0,shippingservice-6bf675979c-598lm
2026-05-03 22:07:40,memory_usage_bytes,17125376.0,shippingservice-6bf675979c-598lm
2026-05-03 22:07:45,memory_usage_bytes,17219584.0,shippingservice-6bf675979c-598lm
2026-05-03 22:07:50,memory_usage_bytes,17223680.0,shippingservice-6bf675979c-598lm
2026-05-03 22:07:55,memory_usage_bytes,17227776.0,shippingservice-6bf675979c-598lm
2026-05-03 22:08:00,memory_usage_bytes,17227776.0,shippingservice-6bf675979c-598lm
2026-05-03 22:08:05,memory_usage_bytes,17231872.0,shippingservice-6bf675979c-598lm
2026-05-03 22:08:10,memory_usage_bytes,17100800.0,shippingservice-6bf675979c-598lm
2026-05-03 22:08:15,memory_usage_bytes,16965632.0,shippingservice-6bf675979c-598lm
2026-05-03 22:08:20,memory_usage_bytes,16965632.0,shippingservice-6bf675979c-598lm
2026-05-03 22:08:25,memory_usage_bytes,16969728.0,shippingservice-6bf675979c-598lm
2026-05-03 22:08:30,memory_usage_bytes,17006592.0,shippingservice-6bf675979c-598lm
2026-05-03 22:08:35,memory_usage_bytes,17035264.0,shippingservice-6bf675979c-598lm
2026-05-03 22:08:40,memory_usage_bytes,17035264.0,shippingservice-6bf675979c-598lm
